anchor_ambiguity_type,anchor_ambiguous,anchor_source,artwork_like,asset_family,badge_like,binding_key,candidate_id,candidate_quality,display_name,fetch_status,generic_page_art,hard_reject,icon_like,license_note,logo_like,map_like,master_path,normalized_name,notes,paragraph_referential,portrait_like,prose_like,quality_reasons,quality_score,raw_label,reject_reasons,section_heading,source_kind,source_page_url,source_role,source_title,source_url
,False,,False,hero_portrait,False,alex_keller,candidate_9476d5099063,high,Alex Keller,downloaded,False,False,False,Source image fetched from Call of Duty Wiki (Fandom); publisher should verify reuse rights before external distribution.,False,False,/Users/tj/Documents/Codex/2026-04-21-https-github-com-iambehn-claude-repo/assets/games/call_of_duty/drafts/onboarding/20260505T213409Z/masters/heroes/alex_keller-099063.png,alex_keller,,False,True,False,"[""category member image"", ""portrait-like label""]",0.8,Alex Keller,[],Category,category_member_image,https://callofduty.fandom.com/wiki/Category:Call_of_Duty:_Warzone_Operators,operators,Category:Call of Duty: Warzone Operators | Call of Duty Wiki | Fandom,https://static.wikia.nocookie.net/callofduty/images/0/0d/Alex_Keller_Infobox_MWIII.png/revision/latest/smart/width/40/height/30?cb=20240112154753
,False,,False,hero_portrait,False,alexia_alice_valenzuela,candidate_e372fbbb3dcd,high,"Alexia ""Alice"" Valenzuela",downloaded,False,False,False,Source image fetched from Call of Duty Wiki (Fandom); publisher should verify reuse rights before external distribution.,False,False,/Users/tj/Documents/Codex/2026-04-21-https-github-com-iambehn-claude-repo/assets/games/call_of_duty/drafts/onboarding/20260505T213409Z/masters/heroes/alexia_alice_valenzuela-bb3dcd.png,alexia_alice_valenzuela,,False,True,False,"[""category member image"", ""portrait-like label""]",0.8,"Alexia ""Alice"" Valenzuela",[],Category,category_member_image,https://callofduty.fandom.com/wiki/Category:Call_of_Duty:_Warzone_Operators,operators,Category:Call of Duty: Warzone Operators | Call of Duty Wiki | Fandom,https://static.wikia.nocookie.net/callofduty/images/3/36/Alice_Operator_Default_MW.png/revision/latest/smart/width/40/height/30?cb=20240222163515
,False,,False,hero_portrait,False,anna_drake,candidate_1e2da0f54fe9,high,Anna Drake,downloaded,False,False,False,Source image fetched from Call of Duty Wiki (Fandom); publisher should verify reuse rights before external distribution.,False,False,/Users/tj/Documents/Codex/2026-04-21-https-github-com-iambehn-claude-repo/assets/games/call_of_duty/drafts/onboarding/20260505T213409Z/masters/heroes/anna_drake-f54fe9.png,anna_drake,,False,True,False,"[""category member image"", ""portrait-like label""]",0.8,Anna Drake,[],Category,category_member_image,https://callofduty.fandom.com/wiki/Category:Call_of_Duty:_Warzone_Operators,operators,Category:Call of Duty: Warzone Operators | Call of Duty Wiki | Fandom,https://static.wikia.nocookie.net/callofduty/images/6/6c/Anna_Operator_Default_CODV.png/revision/latest/smart/width/40/height/30?cb=20240223135855
,False,,False,hero_portrait,False,arthur_kingsley,candidate_975a65531281,high,Arthur Kingsley,downloaded,False,False,False,Source image fetched from Call of Duty Wiki (Fandom); publisher should verify reuse rights before external distribution.,False,False,/Users/tj/Documents/Codex/2026-04-21-https-github-com-iambehn-claude-repo/assets/games/call_of_duty/drafts/onboarding/20260505T213409Z/masters/heroes/arthur_kingsley-531281.png,arthur_kingsley,,False,True,False,"[""category member image"", ""portrait-like label""]",0.8,Arthur Kingsley,[],Category,category_member_image,https://callofduty.fandom.com/wiki/Category:Call_of_Duty:_Warzone_Operators,operators,Category:Call of Duty: Warzone Operators | Call of Duty Wiki | Fandom,https://static.wikia.nocookie.net/callofduty/images/0/02/Arthur_Kingsley_Captured_CODV.jpg/revision/latest/smart/width/40/height/30?cb=20220818034220
,False,,False,hero_portrait,False,azur_el_sarraf,candidate_59910e0b679e,high,Azur El-Sarraf,downloaded,False,False,False,Source image fetched from Call of Duty Wiki (Fandom); publisher should verify reuse rights before external distribution.,False,False,/Users/tj/Documents/Codex/2026-04-21-https-github-com-iambehn-claude-repo/assets/games/call_of_duty/drafts/onboarding/20260505T213409Z/masters/heroes/azur_el_sarraf-0b679e.png,azur_el_sarraf,,False,True,False,"[""category member image"", ""portrait-like label""]",0.8,Azur El-Sarraf,[],Category,category_member_image,https://callofduty.fandom.com/wiki/Category:Call_of_Duty:_Warzone_Operators,operators,Category:Call of Duty: Warzone Operators | Call of Duty Wiki | Fandom,https://static.wikia.nocookie.net/callofduty/images/9/95/Azur_Operator_Default_MW.png/revision/latest/smart/width/40/height/30?cb=20240222163337
,False,,False,hero_portrait,False,beatrice_mercier,candidate_aa19f0e4a711,high,Beatrice Mercier,downloaded,False,False,False,Source image fetched from Call of Duty Wiki (Fandom); publisher should verify reuse rights before external distribution.,False,False,/Users/tj/Documents/Codex/2026-04-21-https-github-com-iambehn-claude-repo/assets/games/call_of_duty/drafts/onboarding/20260505T213409Z/masters/heroes/beatrice_mercier-e4a711.png,beatrice_mercier,,False,True,False,"[""category member image"", ""portrait-like label""]",0.8,Beatrice Mercier,[],Category,category_member_image,https://callofduty.fandom.com/wiki/Category:Call_of_Duty:_Warzone_Operators,operators,Category:Call of Duty: Warzone Operators | Call of Duty Wiki | Fandom,https://static.wikia.nocookie.net/callofduty/images/a/a8/Beatrice_Operator_Default_CODV.png/revision/latest/smart/width/40/height/30?cb=20240223141334
,False,,False,hero_portrait,False,benito_fuze_ortega,candidate_3cea4a30e945,high,"Benito ""Fuze"" Ortega",downloaded,False,False,False,Source image fetched from Call of Duty Wiki (Fandom); publisher should verify reuse rights before external distribution.,False,False,/Users/tj/Documents/Codex/2026-04-21-https-github-com-iambehn-claude-repo/assets/games/call_of_duty/drafts/onboarding/20260505T213409Z/masters/heroes/benito_fuze_ortega-30e945.png,benito_fuze_ortega,,False,True,False,"[""category member image"", ""portrait-like label""]",0.8,"Benito ""Fuze"" Ortega",[],Category,category_member_image,https://callofduty.fandom.com/wiki/Category:Call_of_Duty:_Warzone_Operators,operators,Category:Call of Duty: Warzone Operators | Call of Duty Wiki | Fandom,https://static.wikia.nocookie.net/callofduty/images/b/be/Fuze_Operator_Default_BOCW.png/revision/latest/smart/width/40/height/30?cb=20240223121533
,False,,False,hero_portrait,False,benjamin_otter_lee,candidate_e5fee6266e31,high,"Benjamin ""Otter"" Lee",downloaded,False,False,False,Source image fetched from Call of Duty Wiki (Fandom); publisher should verify reuse rights before external distribution.,False,False,/Users/tj/Documents/Codex/2026-04-21-https-github-com-iambehn-claude-repo/assets/games/call_of_duty/drafts/onboarding/20260505T213409Z/masters/heroes/benjamin_otter_lee-266e31.png,benjamin_otter_lee,,False,True,False,"[""category member image"", ""portrait-like label""]",0.8,"Benjamin ""Otter"" Lee",[],Category,category_member_image,https://callofduty.fandom.com/wiki/Category:Call_of_Duty:_Warzone_Operators,operators,Category:Call of Duty: Warzone Operators | Call of Duty Wiki | Fandom,https://static.wikia.nocookie.net/callofduty/images/7/74/Otter_Operator_Default_MW.png/revision/latest/smart/width/40/height/30?cb=20240222163757
,False,,False,hero_portrait,False,callum_hendry,candidate_5aa8739123e7,high,Callum Hendry,downloaded,False,False,False,Source image fetched from Call of Duty Wiki (Fandom); publisher should verify reuse rights before external distribution.,False,False,/Users/tj/Documents/Codex/2026-04-21-https-github-com-iambehn-claude-repo/assets/games/call_of_duty/drafts/onboarding/20260505T213409Z/masters/heroes/callum_hendry-9123e7.png,callum_hendry,,False,True,False,"[""category member image"", ""portrait-like label""]",0.8,Callum Hendry,[],Category,category_member_image,https://callofduty.fandom.com/wiki/Category:Call_of_Duty:_Warzone_Operators,operators,Category:Call of Duty: Warzone Operators | Call of Duty Wiki | Fandom,https://static.wikia.nocookie.net/callofduty/images/c/c9/Callum_Operator_Default_CODV.png/revision/latest/smart/width/40/height/30?cb=20240223141112
,False,,False,hero_portrait,False,carver_butcher,candidate_44235af4da48,high,Carver Butcher,downloaded,False,False,False,Source image fetched from Call of Duty Wiki (Fandom); publisher should verify reuse rights before external distribution.,False,False,/Users/tj/Documents/Codex/2026-04-21-https-github-com-iambehn-claude-repo/assets/games/call_of_duty/drafts/onboarding/20260505T213409Z/masters/heroes/carver_butcher-f4da48.png,carver_butcher,,False,True,False,"[""category member image"", ""portrait-like label""]",0.8,Carver Butcher,[],Category,category_member_image,https://callofduty.fandom.com/wiki/Category:Call_of_Duty:_Warzone_Operators,operators,Category:Call of Duty: Warzone Operators | Call of Duty Wiki | Fandom,https://static.wikia.nocookie.net/callofduty/images/5/5c/Carver_Butcher_1984_Profile.png/revision/latest/smart/width/40/height/30?cb=20211214123255
,False,,False,hero_portrait,False,charlotte_charly_johnstone,candidate_4a782f44df39,high,"Charlotte ""Charly"" Johnstone",downloaded,False,False,False,Source image fetched from Call of Duty Wiki (Fandom); publisher should verify reuse rights before external distribution.,False,False,/Users/tj/Documents/Codex/2026-04-21-https-github-com-iambehn-claude-repo/assets/games/call_of_duty/drafts/onboarding/20260505T213409Z/masters/heroes/charlotte_charly_johnstone-44df39.png,charlotte_charly_johnstone,,False,True,False,"[""category member image"", ""portrait-like label""]",0.8,"Charlotte ""Charly"" Johnstone",[],Category,category_member_image,https://callofduty.fandom.com/wiki/Category:Call_of_Duty:_Warzone_Operators,operators,Category:Call of Duty: Warzone Operators | Call of Duty Wiki | Fandom,https://static.wikia.nocookie.net/callofduty/images/0/0d/Charly_Operator_Default_MW.png/revision/latest/smart/width/40/height/30?cb=20240222163829
,False,,False,hero_portrait,False,colton_stryker_greenfield,candidate_dc635491c9cb,high,"Colton ""Stryker"" Greenfield",downloaded,False,False,False,Source image fetched from Call of Duty Wiki (Fandom); publisher should verify reuse rights before external distribution.,False,False,/Users/tj/Documents/Codex/2026-04-21-https-github-com-iambehn-claude-repo/assets/games/call_of_duty/drafts/onboarding/20260505T213409Z/masters/heroes/colton_stryker_greenfield-91c9cb.png,colton_stryker_greenfield,,False,True,False,"[""category member image"", ""portrait-like label""]",0.8,"Colton ""Stryker"" Greenfield",[],Category,category_member_image,https://callofduty.fandom.com/wiki/Category:Call_of_Duty:_Warzone_Operators,operators,Category:Call of Duty: Warzone Operators | Call of Duty Wiki | Fandom,https://static.wikia.nocookie.net/callofduty/images/9/90/Stryker_Operator_Default_BOCW.png/revision/latest/smart/width/40/height/30?cb=20240223121701
,False,,False,hero_portrait,False,competitor,candidate_9de3197f29ec,high,Competitor,downloaded,False,False,False,Source image fetched from Call of Duty Wiki (Fandom); publisher should verify reuse rights before external distribution.,False,False,/Users/tj/Documents/Codex/2026-04-21-https-github-com-iambehn-claude-repo/assets/games/call_of_duty/drafts/onboarding/20260505T213409Z/masters/heroes/competitor-7f29ec.png,competitor,,False,True,False,"[""category member image"", ""portrait-like label""]",0.8,Competitor,[],Category,category_member_image,https://callofduty.fandom.com/wiki/Category:Call_of_Duty:_Warzone_Operators,operators,Category:Call of Duty: Warzone Operators | Call of Duty Wiki | Fandom,https://static.wikia.nocookie.net/callofduty/images/9/92/Competitor_NATO_Infobox_BOCW.png/revision/latest/smart/width/40/height/30?cb=20241117052345
,False,,False,hero_portrait,False,constanze_muller,candidate_e77731c2d90b,high,Constanze Muller,downloaded,False,False,False,Source image fetched from Call of Duty Wiki (Fandom); publisher should verify reuse rights before external distribution.,False,False,/Users/tj/Documents/Codex/2026-04-21-https-github-com-iambehn-claude-repo/assets/games/call_of_duty/drafts/onboarding/20260505T213409Z/masters/heroes/constanze_muller-c2d90b.png,constanze_muller,,False,True,False,"[""category member image"", ""portrait-like label""]",0.8,Constanze Muller,[],Category,category_member_image,https://callofduty.fandom.com/wiki/Category:Call_of_Duty:_Warzone_Operators,operators,Category:Call of Duty: Warzone Operators | Call of Duty Wiki | Fandom,https://static.wikia.nocookie.net/callofduty/images/c/ca/Constanze_Operator_Default_CODV.png/revision/latest/smart/width/40/height/30?cb=20240223141405
,False,,False,hero_portrait,False,damian_raines,candidate_948dd9b09472,high,Damian Raines,downloaded,False,False,False,Source image fetched from Call of Duty Wiki (Fandom); publisher should verify reuse rights before external distribution.,False,False,/Users/tj/Documents/Codex/2026-04-21-https-github-com-iambehn-claude-repo/assets/games/call_of_duty/drafts/onboarding/20260505T213409Z/masters/heroes/damian_raines-b09472.png,damian_raines,,False,True,False,"[""category member image"", ""portrait-like label""]",0.8,Damian Raines,[],Category,category_member_image,https://callofduty.fandom.com/wiki/Category:Call_of_Duty:_Warzone_Operators,operators,Category:Call of Duty: Warzone Operators | Call of Duty Wiki | Fandom,https://static.wikia.nocookie.net/callofduty/images/0/04/Raines_Operator_Default_MW.png/revision/latest/smart/width/40/height/30?cb=20240222163500
,False,,False,hero_portrait,False,daniel_ronin_shinoda,candidate_e2f60186fcbc,high,"Daniel ""Ronin"" Shinoda",downloaded,False,False,False,Source image fetched from Call of Duty Wiki (Fandom); publisher should verify reuse rights before external distribution.,False,False,/Users/tj/Documents/Codex/2026-04-21-https-github-com-iambehn-claude-repo/assets/games/call_of_duty/drafts/onboarding/20260505T213409Z/masters/heroes/daniel_ronin_shinoda-86fcbc.png,daniel_ronin_shinoda,,False,True,False,"[""category member image"", ""portrait-like label""]",0.8,"Daniel ""Ronin"" Shinoda",[],Category,category_member_image,https://callofduty.fandom.com/wiki/Category:Call_of_Duty:_Warzone_Operators,operators,Category:Call of Duty: Warzone Operators | Call of Duty Wiki | Fandom,https://static.wikia.nocookie.net/callofduty/images/b/ba/Ronin_Operator_Default_MWII.png/revision/latest/smart/width/40/height/30?cb=20240512090400
,False,,False,hero_portrait,False,daniel_yatsu,candidate_cc5e4e328394,high,Daniel Yatsu,downloaded,False,False,False,Source image fetched from Call of Duty Wiki (Fandom); publisher should verify reuse rights before external distribution.,False,False,/Users/tj/Documents/Codex/2026-04-21-https-github-com-iambehn-claude-repo/assets/games/call_of_duty/drafts/onboarding/20260505T213409Z/masters/heroes/daniel_yatsu-328394.png,daniel_yatsu,,False,True,False,"[""category member image"", ""portrait-like label""]",0.8,Daniel Yatsu,[],Category,category_member_image,https://callofduty.fandom.com/wiki/Category:Call_of_Duty:_Warzone_Operators,operators,Category:Call of Duty: Warzone Operators | Call of Duty Wiki | Fandom,https://static.wikia.nocookie.net/callofduty/images/4/4d/Daniel_Operator_Default_CODV.png/revision/latest/smart/width/40/height/30?cb=20240223141219
,False,,False,hero_portrait,False,dmitry_bale,candidate_08f93cc748b9,high,Dmitry Bale,downloaded,False,False,False,Source image fetched from Call of Duty Wiki (Fandom); publisher should verify reuse rights before external distribution.,False,False,/Users/tj/Documents/Codex/2026-04-21-https-github-com-iambehn-claude-repo/assets/games/call_of_duty/drafts/onboarding/20260505T213409Z/masters/heroes/dmitry_bale-c748b9.png,dmitry_bale,,False,True,False,"[""category member image"", ""portrait-like label""]",0.8,Dmitry Bale,[],Category,category_member_image,https://callofduty.fandom.com/wiki/Category:Call_of_Duty:_Warzone_Operators,operators,Category:Call of Duty: Warzone Operators | Call of Duty Wiki | Fandom,https://static.wikia.nocookie.net/callofduty/images/e/ee/Bale_Operator_Default_MW.png/revision/latest/smart/width/40/height/30?cb=20240222163417
,False,,False,hero_portrait,False,dominique_domino_tam,candidate_cf88bc86f288,high,"Dominique ""Domino"" Tam",downloaded,False,False,False,Source image fetched from Call of Duty Wiki (Fandom); publisher should verify reuse rights before external distribution.,False,False,/Users/tj/Documents/Codex/2026-04-21-https-github-com-iambehn-claude-repo/assets/games/call_of_duty/drafts/onboarding/20260505T213409Z/masters/heroes/dominique_domino_tam-86f288.png,dominique_domino_tam,,False,True,False,"[""category member image"", ""portrait-like label""]",0.8,"Dominique ""Domino"" Tam",[],Category,category_member_image,https://callofduty.fandom.com/wiki/Category:Call_of_Duty:_Warzone_Operators,operators,Category:Call of Duty: Warzone Operators | Call of Duty Wiki | Fandom,https://static.wikia.nocookie.net/callofduty/images/6/65/Domino_Operator_Default_MW.png/revision/latest/smart/width/40/height/30?cb=20240222163713
,False,,False,hero_portrait,False,eleazar_lazar_azoulay,candidate_85e9fae571b3,high,"Eleazar ""Lazar"" Azoulay",downloaded,False,False,False,Source image fetched from Call of Duty Wiki (Fandom); publisher should verify reuse rights before external distribution.,False,False,/Users/tj/Documents/Codex/2026-04-21-https-github-com-iambehn-claude-repo/assets/games/call_of_duty/drafts/onboarding/20260505T213409Z/masters/heroes/eleazar_lazar_azoulay-e571b3.png,eleazar_lazar_azoulay,,False,True,False,"[""category member image"", ""portrait-like label""]",0.8,"Eleazar ""Lazar"" Azoulay",[],Category,category_member_image,https://callofduty.fandom.com/wiki/Category:Call_of_Duty:_Warzone_Operators,operators,Category:Call of Duty: Warzone Operators | Call of Duty Wiki | Fandom,https://static.wikia.nocookie.net/callofduty/images/b/bb/Lazar_Infobox_BOCW.jpg/revision/latest/smart/width/40/height/30?cb=20240705143500
,False,,False,hero_portrait,False,farah_karim,candidate_a5091c0b1de7,high,Farah Karim,downloaded,False,False,False,Source image fetched from Call of Duty Wiki (Fandom); publisher should verify reuse rights before external distribution.,False,False,/Users/tj/Documents/Codex/2026-04-21-https-github-com-iambehn-claude-repo/assets/games/call_of_duty/drafts/onboarding/20260505T213409Z/masters/heroes/farah_karim-0b1de7.png,farah_karim,,False,True,False,"[""category member image"", ""portrait-like label""]",0.8,Farah Karim,[],Category,category_member_image,https://callofduty.fandom.com/wiki/Category:Call_of_Duty:_Warzone_Operators,operators,Category:Call of Duty: Warzone Operators | Call of Duty Wiki | Fandom,https://static.wikia.nocookie.net/callofduty/images/5/5d/FarahKarim_Infobox_MWIII.png/revision/latest/smart/width/40/height/30?cb=20240112035806
,False,,False,hero_portrait,False,florence_carter,candidate_1ba54f1836b1,high,Florence Carter,downloaded,False,False,False,Source image fetched from Call of Duty Wiki (Fandom); publisher should verify reuse rights before external distribution.,False,False,/Users/tj/Documents/Codex/2026-04-21-https-github-com-iambehn-claude-repo/assets/games/call_of_duty/drafts/onboarding/20260505T213409Z/masters/heroes/florence_carter-1836b1.png,florence_carter,,False,True,False,"[""category member image"", ""portrait-like label""]",0.8,Florence Carter,[],Category,category_member_image,https://callofduty.fandom.com/wiki/Category:Call_of_Duty:_Warzone_Operators,operators,Category:Call of Duty: Warzone Operators | Call of Duty Wiki | Fandom,https://static.wikia.nocookie.net/callofduty/images/c/c6/Florence_Operator_Default_CODV.png/revision/latest/smart/width/40/height/30?cb=20240223140006
,False,,False,hero_portrait,False,francis_kai_lanakila,candidate_218c063d30c4,high,"Francis ""Kai"" Lanakila",downloaded,False,False,False,Source image fetched from Call of Duty Wiki (Fandom); publisher should verify reuse rights before external distribution.,False,False,/Users/tj/Documents/Codex/2026-04-21-https-github-com-iambehn-claude-repo/assets/games/call_of_duty/drafts/onboarding/20260505T213409Z/masters/heroes/francis_kai_lanakila-3d30c4.png,francis_kai_lanakila,,False,True,False,"[""category member image"", ""portrait-like label""]",0.8,"Francis ""Kai"" Lanakila",[],Category,category_member_image,https://callofduty.fandom.com/wiki/Category:Call_of_Duty:_Warzone_Operators,operators,Category:Call of Duty: Warzone Operators | Call of Duty Wiki | Fandom,https://static.wikia.nocookie.net/callofduty/images/9/99/Francis_Operator_Default_CODV.png/revision/latest/smart/width/40/height/30?cb=20240223141148
,False,,False,hero_portrait,False,frank_woods,candidate_9d70451dfa78,high,Frank Woods,downloaded,False,False,False,Source image fetched from Call of Duty Wiki (Fandom); publisher should verify reuse rights before external distribution.,False,False,/Users/tj/Documents/Codex/2026-04-21-https-github-com-iambehn-claude-repo/assets/games/call_of_duty/drafts/onboarding/20260505T213409Z/masters/heroes/frank_woods-1dfa78.png,frank_woods,,False,True,False,"[""category member image"", ""portrait-like label""]",0.8,Frank Woods,[],Category,category_member_image,https://callofduty.fandom.com/wiki/Category:Call_of_Duty:_Warzone_Operators,operators,Category:Call of Duty: Warzone Operators | Call of Duty Wiki | Fandom,https://static.wikia.nocookie.net/callofduty/images/d/d6/Frank_Woods_Infobox_2025_BOII.png/revision/latest/smart/width/40/height/30?cb=20231213142846
,False,,False,hero_portrait,False,freya_wraith_helvig,candidate_b2a373b37495,high,"Freya ""Wraith"" Helvig",downloaded,False,False,False,Source image fetched from Call of Duty Wiki (Fandom); publisher should verify reuse rights before external distribution.,False,False,/Users/tj/Documents/Codex/2026-04-21-https-github-com-iambehn-claude-repo/assets/games/call_of_duty/drafts/onboarding/20260505T213409Z/masters/heroes/freya_wraith_helvig-b37495.png,freya_wraith_helvig,,False,True,False,"[""category member image"", ""portrait-like label""]",0.8,"Freya ""Wraith"" Helvig",[],Category,category_member_image,https://callofduty.fandom.com/wiki/Category:Call_of_Duty:_Warzone_Operators,operators,Category:Call of Duty: Warzone Operators | Call of Duty Wiki | Fandom,https://static.wikia.nocookie.net/callofduty/images/1/17/Wraith_Operator_Default_BOCW.png/revision/latest/smart/width/40/height/30?cb=20240223121604
,False,,False,hero_portrait,False,gabriel_t_rorke,candidate_567b7e2c01c9,high,Gabriel T. Rorke,downloaded,False,False,False,Source image fetched from Call of Duty Wiki (Fandom); publisher should verify reuse rights before external distribution.,False,False,/Users/tj/Documents/Codex/2026-04-21-https-github-com-iambehn-claude-repo/assets/games/call_of_duty/drafts/onboarding/20260505T213409Z/masters/heroes/gabriel_t_rorke-2c01c9.png,gabriel_t_rorke,,False,True,True,"[""category member image"", ""portrait-like label""]",0.8,Gabriel T. Rorke,[],Category,category_member_image,https://callofduty.fandom.com/wiki/Category:Call_of_Duty:_Warzone_Operators,operators,Category:Call of Duty: Warzone Operators | Call of Duty Wiki | Fandom,https://static.wikia.nocookie.net/callofduty/images/3/30/Rorke_Menu.jpg/revision/latest/smart/width/40/height/30?cb=20131202235721
,False,,False,hero_portrait,False,ghostface,candidate_97ce010beac2,high,Ghostface,downloaded,False,False,False,Source image fetched from Call of Duty Wiki (Fandom); publisher should verify reuse rights before external distribution.,False,False,/Users/tj/Documents/Codex/2026-04-21-https-github-com-iambehn-claude-repo/assets/games/call_of_duty/drafts/onboarding/20260505T213409Z/masters/heroes/ghostface-0beac2.png,ghostface,,False,True,False,"[""category member image"", ""portrait-like label""]",0.8,Ghostface,[],Category,category_member_image,https://callofduty.fandom.com/wiki/Category:Call_of_Duty:_Warzone_Operators,operators,Category:Call of Duty: Warzone Operators | Call of Duty Wiki | Fandom,https://static.wikia.nocookie.net/callofduty/images/1/1f/Ghostface_Operator_Default_BOCW.png/revision/latest/smart/width/40/height/30?cb=20240223121546
,False,,False,hero_portrait,False,grigori_weaver,candidate_89d78da3fb07,high,Grigori Weaver,downloaded,False,False,False,Source image fetched from Call of Duty Wiki (Fandom); publisher should verify reuse rights before external distribution.,False,False,/Users/tj/Documents/Codex/2026-04-21-https-github-com-iambehn-claude-repo/assets/games/call_of_duty/drafts/onboarding/20260505T213409Z/masters/heroes/grigori_weaver-a3fb07.png,grigori_weaver,,False,True,False,"[""category member image"", ""portrait-like label""]",0.8,Grigori Weaver,[],Category,category_member_image,https://callofduty.fandom.com/wiki/Category:Call_of_Duty:_Warzone_Operators,operators,Category:Call of Duty: Warzone Operators | Call of Duty Wiki | Fandom,https://static.wikia.nocookie.net/callofduty/images/6/6e/Grigori_Weaver_Citadelle_des_Morts_Zombies_BO6.png/revision/latest/smart/width/40/height/30?cb=20241127141628
,False,,False,hero_portrait,False,grinch_operator,candidate_151f760826cb,high,Grinch (operator),downloaded,False,False,False,Source image fetched from Call of Duty Wiki (Fandom); publisher should verify reuse rights before external distribution.,False,False,/Users/tj/Documents/Codex/2026-04-21-https-github-com-iambehn-claude-repo/assets/games/call_of_duty/drafts/onboarding/20260505T213409Z/masters/heroes/grinch_operator-0826cb.png,grinch_operator,,False,True,False,"[""category member image"", ""portrait-like label""]",0.8,Grinch (operator),[],Category,category_member_image,https://callofduty.fandom.com/wiki/Category:Call_of_Duty:_Warzone_Operators,operators,Category:Call of Duty: Warzone Operators | Call of Duty Wiki | Fandom,https://static.wikia.nocookie.net/callofduty/images/e/e0/Grinch_Operator_Default_MW.png/revision/latest/smart/width/40/height/30?cb=20240222163321
,False,,False,hero_portrait,False,gustavo_dos_santos,candidate_f4de7d47b2f7,high,Gustavo dos Santos,downloaded,False,False,False,Source image fetched from Call of Duty Wiki (Fandom); publisher should verify reuse rights before external distribution.,False,False,/Users/tj/Documents/Codex/2026-04-21-https-github-com-iambehn-claude-repo/assets/games/call_of_duty/drafts/onboarding/20260505T213409Z/masters/heroes/gustavo_dos_santos-47b2f7.png,gustavo_dos_santos,,False,True,False,"[""category member image"", ""portrait-like label""]",0.8,Gustavo dos Santos,[],Category,category_member_image,https://callofduty.fandom.com/wiki/Category:Call_of_Duty:_Warzone_Operators,operators,Category:Call of Duty: Warzone Operators | Call of Duty Wiki | Fandom,https://static.wikia.nocookie.net/callofduty/images/5/58/Gustavo_Operator_Default_CODV.png/revision/latest/smart/width/40/height/30?cb=20240223135925
,False,,False,hero_portrait,False,halima_zambardi,candidate_06949ae73fc1,high,Halima Zambardi,downloaded,False,False,False,Source image fetched from Call of Duty Wiki (Fandom); publisher should verify reuse rights before external distribution.,False,False,/Users/tj/Documents/Codex/2026-04-21-https-github-com-iambehn-claude-repo/assets/games/call_of_duty/drafts/onboarding/20260505T213409Z/masters/heroes/halima_zambardi-e73fc1.png,halima_zambardi,,False,True,False,"[""category member image"", ""portrait-like label""]",0.8,Halima Zambardi,[],Category,category_member_image,https://callofduty.fandom.com/wiki/Category:Call_of_Duty:_Warzone_Operators,operators,Category:Call of Duty: Warzone Operators | Call of Duty Wiki | Fandom,https://static.wikia.nocookie.net/callofduty/images/2/24/Halima_Operator_Default_CODV.png/revision/latest/smart/width/40/height/30?cb=20240223141236
,False,,False,hero_portrait,False,hans_golem_blaustein,candidate_ec5c9aaf4013,high,"Hans ""Golem"" Blaustein",downloaded,False,False,False,Source image fetched from Call of Duty Wiki (Fandom); publisher should verify reuse rights before external distribution.,False,False,/Users/tj/Documents/Codex/2026-04-21-https-github-com-iambehn-claude-repo/assets/games/call_of_duty/drafts/onboarding/20260505T213409Z/masters/heroes/hans_golem_blaustein-af4013.png,hans_golem_blaustein,,False,True,False,"[""category member image"", ""portrait-like label""]",0.8,"Hans ""Golem"" Blaustein",[],Category,category_member_image,https://callofduty.fandom.com/wiki/Category:Call_of_Duty:_Warzone_Operators,operators,Category:Call of Duty: Warzone Operators | Call of Duty Wiki | Fandom,https://static.wikia.nocookie.net/callofduty/images/c/c0/Golem_Operator_Default_MW.png/revision/latest/smart/width/40/height/30?cb=20240222163657
,False,,False,hero_portrait,False,harry_stone,candidate_3375c599c756,high,Harry Stone,downloaded,False,False,False,Source image fetched from Call of Duty Wiki (Fandom); publisher should verify reuse rights before external distribution.,False,False,/Users/tj/Documents/Codex/2026-04-21-https-github-com-iambehn-claude-repo/assets/games/call_of_duty/drafts/onboarding/20260505T213409Z/masters/heroes/harry_stone-99c756.png,harry_stone,,False,True,False,"[""category member image"", ""portrait-like label""]",0.8,Harry Stone,[],Category,category_member_image,https://callofduty.fandom.com/wiki/Category:Call_of_Duty:_Warzone_Operators,operators,Category:Call of Duty: Warzone Operators | Call of Duty Wiki | Fandom,https://static.wikia.nocookie.net/callofduty/images/c/ca/Stone_Operator_Default_BO6.png/revision/latest/smart/width/40/height/30?cb=20250530131129
,False,,False,hero_portrait,False,he_seraph_zhen_zhen,candidate_428841130763,high,"He ""Seraph"" Zhen-Zhen",downloaded,False,False,True,Source image fetched from Call of Duty Wiki (Fandom); publisher should verify reuse rights before external distribution.,False,False,/Users/tj/Documents/Codex/2026-04-21-https-github-com-iambehn-claude-repo/assets/games/call_of_duty/drafts/onboarding/20260505T213409Z/masters/heroes/he_seraph_zhen_zhen-130763.png,he_seraph_zhen_zhen,,False,True,False,"[""category member image"", ""portrait-like label""]",0.8,"He ""Seraph"" Zhen-Zhen",[],Category,category_member_image,https://callofduty.fandom.com/wiki/Category:Call_of_Duty:_Warzone_Operators,operators,Category:Call of Duty: Warzone Operators | Call of Duty Wiki | Fandom,https://static.wikia.nocookie.net/callofduty/images/1/14/Seraph_menu_icon_BO3.png/revision/latest/smart/width/40/height/30?cb=20160205173627
,False,,False,hero_portrait,False,helen_park,candidate_bb058a6c16a6,high,Helen Park,downloaded,False,False,False,Source image fetched from Call of Duty Wiki (Fandom); publisher should verify reuse rights before external distribution.,False,False,/Users/tj/Documents/Codex/2026-04-21-https-github-com-iambehn-claude-repo/assets/games/call_of_duty/drafts/onboarding/20260505T213409Z/masters/heroes/helen_park-6c16a6.png,helen_park,,False,True,False,"[""category member image"", ""portrait-like label""]",0.8,Helen Park,[],Category,category_member_image,https://callofduty.fandom.com/wiki/Category:Call_of_Duty:_Warzone_Operators,operators,Category:Call of Duty: Warzone Operators | Call of Duty Wiki | Fandom,https://static.wikia.nocookie.net/callofduty/images/a/a9/HelenPark_BO6.png/revision/latest/smart/width/40/height/30?cb=20241101032709
,False,,False,hero_portrait,False,ikenna_olowe,candidate_415da6f99477,high,Ikenna Olowe,downloaded,False,False,False,Source image fetched from Call of Duty Wiki (Fandom); publisher should verify reuse rights before external distribution.,False,False,/Users/tj/Documents/Codex/2026-04-21-https-github-com-iambehn-claude-repo/assets/games/call_of_duty/drafts/onboarding/20260505T213409Z/masters/heroes/ikenna_olowe-f99477.png,ikenna_olowe,,False,True,False,"[""category member image"", ""portrait-like label""]",0.8,Ikenna Olowe,[],Category,category_member_image,https://callofduty.fandom.com/wiki/Category:Call_of_Duty:_Warzone_Operators,operators,Category:Call of Duty: Warzone Operators | Call of Duty Wiki | Fandom,https://static.wikia.nocookie.net/callofduty/images/4/45/Ikenna_Operator_Default_CODV.png/revision/latest/smart/width/40/height/30?cb=20240223141124
,False,,False,hero_portrait,False,ingo_beck,candidate_b919e9cdf194,high,Ingo Beck,downloaded,False,False,False,Source image fetched from Call of Duty Wiki (Fandom); publisher should verify reuse rights before external distribution.,False,False,/Users/tj/Documents/Codex/2026-04-21-https-github-com-iambehn-claude-repo/assets/games/call_of_duty/drafts/onboarding/20260505T213409Z/masters/heroes/ingo_beck-cdf194.png,ingo_beck,,False,True,False,"[""category member image"", ""portrait-like label""]",0.8,Ingo Beck,[],Category,category_member_image,https://callofduty.fandom.com/wiki/Category:Call_of_Duty:_Warzone_Operators,operators,Category:Call of Duty: Warzone Operators | Call of Duty Wiki | Fandom,https://static.wikia.nocookie.net/callofduty/images/d/d4/Beck_Operator_Default_BOCW.png/revision/latest/smart/width/40/height/30?cb=20240223121650
,False,,False,hero_portrait,False,isabella_reyes,candidate_05eb43b396c1,high,Isabella Reyes,downloaded,False,False,False,Source image fetched from Call of Duty Wiki (Fandom); publisher should verify reuse rights before external distribution.,False,False,/Users/tj/Documents/Codex/2026-04-21-https-github-com-iambehn-claude-repo/assets/games/call_of_duty/drafts/onboarding/20260505T213409Z/masters/heroes/isabella_reyes-b396c1.png,isabella_reyes,,False,True,False,"[""category member image"", ""portrait-like label""]",0.8,Isabella Reyes,[],Category,category_member_image,https://callofduty.fandom.com/wiki/Category:Call_of_Duty:_Warzone_Operators,operators,Category:Call of Duty: Warzone Operators | Call of Duty Wiki | Fandom,https://static.wikia.nocookie.net/callofduty/images/f/f9/Isabella_Operator_Default_CODV.png/revision/latest/smart/width/40/height/30?cb=20240223141204
,False,,False,hero_portrait,False,iskra,candidate_00d099e0ba41,high,Iskra,downloaded,False,False,False,Source image fetched from Call of Duty Wiki (Fandom); publisher should verify reuse rights before external distribution.,False,False,/Users/tj/Documents/Codex/2026-04-21-https-github-com-iambehn-claude-repo/assets/games/call_of_duty/drafts/onboarding/20260505T213409Z/masters/heroes/iskra-e0ba41.png,iskra,,False,True,False,"[""category member image"", ""portrait-like label""]",0.8,Iskra,[],Category,category_member_image,https://callofduty.fandom.com/wiki/Category:Call_of_Duty:_Warzone_Operators,operators,Category:Call of Duty: Warzone Operators | Call of Duty Wiki | Fandom,https://static.wikia.nocookie.net/callofduty/images/5/52/Iskra_Operator_Default_MW.png/revision/latest/smart/width/40/height/30?cb=20240222163249
,False,,False,hero_portrait,False,jabari_salah,candidate_25b8df261cc9,high,Jabari Salah,downloaded,False,False,False,Source image fetched from Call of Duty Wiki (Fandom); publisher should verify reuse rights before external distribution.,False,False,/Users/tj/Documents/Codex/2026-04-21-https-github-com-iambehn-claude-repo/assets/games/call_of_duty/drafts/onboarding/20260505T213409Z/masters/heroes/jabari_salah-261cc9.png,jabari_salah,,False,True,False,"[""category member image"", ""portrait-like label""]",0.8,Jabari Salah,[],Category,category_member_image,https://callofduty.fandom.com/wiki/Category:Call_of_Duty:_Warzone_Operators,operators,Category:Call of Duty: Warzone Operators | Call of Duty Wiki | Fandom,https://static.wikia.nocookie.net/callofduty/images/f/fd/Salah_Operator_Default_BOCW.png/revision/latest/smart/width/40/height/30?cb=20240223121713
,False,,False,hero_portrait,False,jackson_wyatt,candidate_c327dde5628b,high,Jackson Wyatt,downloaded,False,False,False,Source image fetched from Call of Duty Wiki (Fandom); publisher should verify reuse rights before external distribution.,False,False,/Users/tj/Documents/Codex/2026-04-21-https-github-com-iambehn-claude-repo/assets/games/call_of_duty/drafts/onboarding/20260505T213409Z/masters/heroes/jackson_wyatt-e5628b.png,jackson_wyatt,,False,True,False,"[""category member image"", ""portrait-like label""]",0.8,Jackson Wyatt,[],Category,category_member_image,https://callofduty.fandom.com/wiki/Category:Call_of_Duty:_Warzone_Operators,operators,Category:Call of Duty: Warzone Operators | Call of Duty Wiki | Fandom,https://static.wikia.nocookie.net/callofduty/images/b/b6/Wyatt_Operator_Default_MW.png/revision/latest/smart/width/40/height/30?cb=20240222163627
,False,,False,hero_portrait,False,jacob_thorne,candidate_5bdbbb1c5a08,high,Jacob Thorne,downloaded,False,False,False,Source image fetched from Call of Duty Wiki (Fandom); publisher should verify reuse rights before external distribution.,False,False,/Users/tj/Documents/Codex/2026-04-21-https-github-com-iambehn-claude-repo/assets/games/call_of_duty/drafts/onboarding/20260505T213409Z/masters/heroes/jacob_thorne-1c5a08.png,jacob_thorne,,False,True,False,"[""category member image"", ""portrait-like label""]",0.8,Jacob Thorne,[],Category,category_member_image,https://callofduty.fandom.com/wiki/Category:Call_of_Duty:_Warzone_Operators,operators,Category:Call of Duty: Warzone Operators | Call of Duty Wiki | Fandom,https://static.wikia.nocookie.net/callofduty/images/c/cd/Thorne_Operator_Default_MW.png/revision/latest/smart/width/40/height/30?cb=20240222163813
,False,,False,hero_portrait,False,jada_powers,candidate_46e613a4ded6,high,Jada Powers,downloaded,False,False,False,Source image fetched from Call of Duty Wiki (Fandom); publisher should verify reuse rights before external distribution.,False,False,/Users/tj/Documents/Codex/2026-04-21-https-github-com-iambehn-claude-repo/assets/games/call_of_duty/drafts/onboarding/20260505T213409Z/masters/heroes/jada_powers-a4ded6.png,jada_powers,,False,True,False,"[""category member image"", ""portrait-like label""]",0.8,Jada Powers,[],Category,category_member_image,https://callofduty.fandom.com/wiki/Category:Call_of_Duty:_Warzone_Operators,operators,Category:Call of Duty: Warzone Operators | Call of Duty Wiki | Fandom,https://static.wikia.nocookie.net/callofduty/images/0/05/Powers_Operator_Default_BOCW.png/revision/latest/smart/width/40/height/30?cb=20240223121654
,False,,False,hero_portrait,False,jason_hudson,candidate_e94ec759ac65,high,Jason Hudson,downloaded,False,False,False,Source image fetched from Call of Duty Wiki (Fandom); publisher should verify reuse rights before external distribution.,False,False,/Users/tj/Documents/Codex/2026-04-21-https-github-com-iambehn-claude-repo/assets/games/call_of_duty/drafts/onboarding/20260505T213409Z/masters/heroes/jason_hudson-59ac65.png,jason_hudson,,False,True,False,"[""category member image"", ""portrait-like label""]",0.8,Jason Hudson,[],Category,category_member_image,https://callofduty.fandom.com/wiki/Category:Call_of_Duty:_Warzone_Operators,operators,Category:Call of Duty: Warzone Operators | Call of Duty Wiki | Fandom,https://static.wikia.nocookie.net/callofduty/images/9/9c/JasonHudson_RevealTrailer_BOCW.png/revision/latest/smart/width/40/height/30?cb=20200826203728
,False,,False,hero_portrait,False,jason_hunter,candidate_af68347f13e2,high,Jason Hunter,downloaded,False,False,False,Source image fetched from Call of Duty Wiki (Fandom); publisher should verify reuse rights before external distribution.,False,False,/Users/tj/Documents/Codex/2026-04-21-https-github-com-iambehn-claude-repo/assets/games/call_of_duty/drafts/onboarding/20260505T213409Z/masters/heroes/jason_hunter-7f13e2.png,jason_hunter,,False,True,False,"[""category member image"", ""portrait-like label""]",0.8,Jason Hunter,[],Category,category_member_image,https://callofduty.fandom.com/wiki/Category:Call_of_Duty:_Warzone_Operators,operators,Category:Call of Duty: Warzone Operators | Call of Duty Wiki | Fandom,https://static.wikia.nocookie.net/callofduty/images/a/a8/Hunter_Operator_Default_BOCW.png/revision/latest/smart/width/40/height/30?cb=20240223121833
,False,,False,hero_portrait,False,john_baker,candidate_496a607a6c0e,high,John Baker,downloaded,False,False,False,Source image fetched from Call of Duty Wiki (Fandom); publisher should verify reuse rights before external distribution.,False,False,/Users/tj/Documents/Codex/2026-04-21-https-github-com-iambehn-claude-repo/assets/games/call_of_duty/drafts/onboarding/20260505T213409Z/masters/heroes/john_baker-7a6c0e.png,john_baker,,False,True,False,"[""category member image"", ""portrait-like label""]",0.8,John Baker,[],Category,category_member_image,https://callofduty.fandom.com/wiki/Category:Call_of_Duty:_Warzone_Operators,operators,Category:Call of Duty: Warzone Operators | Call of Duty Wiki | Fandom,https://static.wikia.nocookie.net/callofduty/images/f/f2/Baker_Operator_Default_BOCW.png/revision/latest/smart/width/40/height/30?cb=20240223121830
,False,,False,hero_portrait,False,john_mcclane,candidate_6444e40d4751,high,John McClane,downloaded,False,False,False,Source image fetched from Call of Duty Wiki (Fandom); publisher should verify reuse rights before external distribution.,False,False,/Users/tj/Documents/Codex/2026-04-21-https-github-com-iambehn-claude-repo/assets/games/call_of_duty/drafts/onboarding/20260505T213409Z/masters/heroes/john_mcclane-0d4751.png,john_mcclane,,False,True,False,"[""category member image"", ""portrait-like label""]",0.8,John McClane,[],Category,category_member_image,https://callofduty.fandom.com/wiki/Category:Call_of_Duty:_Warzone_Operators,operators,Category:Call of Duty: Warzone Operators | Call of Duty Wiki | Fandom,https://static.wikia.nocookie.net/callofduty/images/6/61/McClane_Operator_Default_BOCW.png/revision/latest/smart/width/40/height/30?cb=20240223121729
,False,,False,hero_portrait,False,john_price_reboot,candidate_c3750195a90e,high,John Price (Reboot),downloaded,False,False,False,Source image fetched from Call of Duty Wiki (Fandom); publisher should verify reuse rights before external distribution.,False,False,/Users/tj/Documents/Codex/2026-04-21-https-github-com-iambehn-claude-repo/assets/games/call_of_duty/drafts/onboarding/20260505T213409Z/masters/heroes/john_price_reboot-95a90e.png,john_price_reboot,,False,True,False,"[""category member image"", ""portrait-like label""]",0.8,John Price (Reboot),[],Category,category_member_image,https://callofduty.fandom.com/wiki/Category:Call_of_Duty:_Warzone_Operators,operators,Category:Call of Duty: Warzone Operators | Call of Duty Wiki | Fandom,https://static.wikia.nocookie.net/callofduty/images/e/e4/JohnPrice_Infobox_MWIII.png/revision/latest/smart/width/40/height/30?cb=20240112040220
,False,,False,hero_portrait,False,john_rambo,candidate_6d17b684a70e,high,John Rambo,downloaded,False,False,False,Source image fetched from Call of Duty Wiki (Fandom); publisher should verify reuse rights before external distribution.,False,False,/Users/tj/Documents/Codex/2026-04-21-https-github-com-iambehn-claude-repo/assets/games/call_of_duty/drafts/onboarding/20260505T213409Z/masters/heroes/john_rambo-84a70e.png,john_rambo,,False,True,False,"[""category member image"", ""portrait-like label""]",0.8,John Rambo,[],Category,category_member_image,https://callofduty.fandom.com/wiki/Category:Call_of_Duty:_Warzone_Operators,operators,Category:Call of Duty: Warzone Operators | Call of Duty Wiki | Fandom,https://static.wikia.nocookie.net/callofduty/images/d/d6/Rambo_Operator_Default_BOCW.png/revision/latest/smart/width/40/height/30?cb=20240223121728
,False,,False,hero_portrait,False,johnny_soap_mactavish,candidate_4e4120fe2480,high,"Johnny ""Soap"" MacTavish",downloaded,False,False,False,Source image fetched from Call of Duty Wiki (Fandom); publisher should verify reuse rights before external distribution.,False,False,/Users/tj/Documents/Codex/2026-04-21-https-github-com-iambehn-claude-repo/assets/games/call_of_duty/drafts/onboarding/20260505T213409Z/masters/heroes/johnny_soap_mactavish-fe2480.png,johnny_soap_mactavish,,False,True,False,"[""category member image"", ""portrait-like label""]",0.8,"Johnny ""Soap"" MacTavish",[],Category,category_member_image,https://callofduty.fandom.com/wiki/Category:Call_of_Duty:_Warzone_Operators,operators,Category:Call of Duty: Warzone Operators | Call of Duty Wiki | Fandom,https://static.wikia.nocookie.net/callofduty/images/1/14/Soap_Infobox_2023_MWIII.png/revision/latest/smart/width/40/height/30?cb=20231110195214
,False,,False,hero_portrait,False,kaori_kitsune_tanaka,candidate_146d84dc222d,high,"Kaori ""Kitsune"" Tanaka",downloaded,False,False,False,Source image fetched from Call of Duty Wiki (Fandom); publisher should verify reuse rights before external distribution.,False,False,/Users/tj/Documents/Codex/2026-04-21-https-github-com-iambehn-claude-repo/assets/games/call_of_duty/drafts/onboarding/20260505T213409Z/masters/heroes/kaori_kitsune_tanaka-dc222d.png,kaori_kitsune_tanaka,,False,True,False,"[""category member image"", ""portrait-like label""]",0.8,"Kaori ""Kitsune"" Tanaka",[],Category,category_member_image,https://callofduty.fandom.com/wiki/Category:Call_of_Duty:_Warzone_Operators,operators,Category:Call of Duty: Warzone Operators | Call of Duty Wiki | Fandom,https://static.wikia.nocookie.net/callofduty/images/d/d3/Kitsune_Operator_Default_BOCW.png/revision/latest/smart/width/40/height/30?cb=20240223121602
,False,,False,hero_portrait,False,kapano_naga_vang,candidate_856e666f172c,high,"Kapano ""Naga"" Vang",downloaded,False,False,False,Source image fetched from Call of Duty Wiki (Fandom); publisher should verify reuse rights before external distribution.,False,False,/Users/tj/Documents/Codex/2026-04-21-https-github-com-iambehn-claude-repo/assets/games/call_of_duty/drafts/onboarding/20260505T213409Z/masters/heroes/kapano_naga_vang-6f172c.png,kapano_naga_vang,,False,True,False,"[""category member image"", ""portrait-like label""]",0.8,"Kapano ""Naga"" Vang",[],Category,category_member_image,https://callofduty.fandom.com/wiki/Category:Call_of_Duty:_Warzone_Operators,operators,Category:Call of Duty: Warzone Operators | Call of Duty Wiki | Fandom,https://static.wikia.nocookie.net/callofduty/images/3/3e/Naga_Operator_Default_BOCW.png/revision/latest/smart/width/40/height/30?cb=20240223121618
,False,,False,hero_portrait,False,karla_rivas,candidate_17badef03966,high,Karla Rivas,downloaded,False,False,False,Source image fetched from Call of Duty Wiki (Fandom); publisher should verify reuse rights before external distribution.,False,False,/Users/tj/Documents/Codex/2026-04-21-https-github-com-iambehn-claude-repo/assets/games/call_of_duty/drafts/onboarding/20260505T213409Z/masters/heroes/karla_rivas-f03966.png,karla_rivas,,False,True,False,"[""category member image"", ""portrait-like label""]",0.8,Karla Rivas,[],Category,category_member_image,https://callofduty.fandom.com/wiki/Category:Call_of_Duty:_Warzone_Operators,operators,Category:Call of Duty: Warzone Operators | Call of Duty Wiki | Fandom,https://static.wikia.nocookie.net/callofduty/images/3/35/Rivas_Operator_Default_BOCW.png/revision/latest/smart/width/40/height/30?cb=20240223121733
,False,,False,hero_portrait,False,kim_tae_young,candidate_ddbb3c23bcd5,high,Kim Tae Young,downloaded,False,False,False,Source image fetched from Call of Duty Wiki (Fandom); publisher should verify reuse rights before external distribution.,False,False,/Users/tj/Documents/Codex/2026-04-21-https-github-com-iambehn-claude-repo/assets/games/call_of_duty/drafts/onboarding/20260505T213409Z/masters/heroes/kim_tae_young-23bcd5.png,kim_tae_young,,False,True,False,"[""category member image"", ""portrait-like label""]",0.8,Kim Tae Young,[],Category,category_member_image,https://callofduty.fandom.com/wiki/Category:Call_of_Duty:_Warzone_Operators,operators,Category:Call of Duty: Warzone Operators | Call of Duty Wiki | Fandom,https://static.wikia.nocookie.net/callofduty/images/0/0b/Tae_Young_Operator_Default_CODV.png/revision/latest/smart/width/40/height/30?cb=20240223140022
,False,,False,hero_portrait,False,kwan_song,candidate_a206e6073b03,high,Kwan Song,downloaded,False,False,False,Source image fetched from Call of Duty Wiki (Fandom); publisher should verify reuse rights before external distribution.,False,False,/Users/tj/Documents/Codex/2026-04-21-https-github-com-iambehn-claude-repo/assets/games/call_of_duty/drafts/onboarding/20260505T213409Z/masters/heroes/kwan_song-073b03.png,kwan_song,,False,True,False,"[""category member image"", ""portrait-like label""]",0.8,Kwan Song,[],Category,category_member_image,https://callofduty.fandom.com/wiki/Category:Call_of_Duty:_Warzone_Operators,operators,Category:Call of Duty: Warzone Operators | Call of Duty Wiki | Fandom,https://static.wikia.nocookie.net/callofduty/images/4/46/Song_Operator_Default_BOCW.png/revision/latest/smart/width/40/height/30?cb=20240223121832
,False,,False,hero_portrait,False,kyle_gaz_garrick,candidate_28125ba01050,high,"Kyle ""Gaz"" Garrick",downloaded,False,False,False,Source image fetched from Call of Duty Wiki (Fandom); publisher should verify reuse rights before external distribution.,False,False,/Users/tj/Documents/Codex/2026-04-21-https-github-com-iambehn-claude-repo/assets/games/call_of_duty/drafts/onboarding/20260505T213409Z/masters/heroes/kyle_gaz_garrick-a01050.png,kyle_gaz_garrick,,False,True,False,"[""category member image"", ""portrait-like label""]",0.8,"Kyle ""Gaz"" Garrick",[],Category,category_member_image,https://callofduty.fandom.com/wiki/Category:Call_of_Duty:_Warzone_Operators,operators,Category:Call of Duty: Warzone Operators | Call of Duty Wiki | Fandom,https://static.wikia.nocookie.net/callofduty/images/a/a3/KyleGarrick_Infobox_MWIII.png/revision/latest/smart/width/40/height/30?cb=20240112041647
,False,,False,hero_portrait,False,lawrence_sims,candidate_57884a536b88,high,Lawrence Sims,downloaded,False,False,False,Source image fetched from Call of Duty Wiki (Fandom); publisher should verify reuse rights before external distribution.,False,False,/Users/tj/Documents/Codex/2026-04-21-https-github-com-iambehn-claude-repo/assets/games/call_of_duty/drafts/onboarding/20260505T213409Z/masters/heroes/lawrence_sims-536b88.png,lawrence_sims,,False,True,False,"[""category member image"", ""portrait-like label""]",0.8,Lawrence Sims,[],Category,category_member_image,https://callofduty.fandom.com/wiki/Category:Call_of_Duty:_Warzone_Operators,operators,Category:Call of Duty: Warzone Operators | Call of Duty Wiki | Fandom,https://static.wikia.nocookie.net/callofduty/images/1/1c/Sims_Operator_Default_BO6.png/revision/latest/smart/width/40/height/30?cb=20250807163211
,False,,False,hero_portrait,False,lewis_howard,candidate_817a28e68574,high,Lewis Howard,downloaded,False,False,False,Source image fetched from Call of Duty Wiki (Fandom); publisher should verify reuse rights before external distribution.,False,False,/Users/tj/Documents/Codex/2026-04-21-https-github-com-iambehn-claude-repo/assets/games/call_of_duty/drafts/onboarding/20260505T213409Z/masters/heroes/lewis_howard-e68574.png,lewis_howard,,False,True,False,"[""category member image"", ""portrait-like label""]",0.8,Lewis Howard,[],Category,category_member_image,https://callofduty.fandom.com/wiki/Category:Call_of_Duty:_Warzone_Operators,operators,Category:Call of Duty: Warzone Operators | Call of Duty Wiki | Fandom,https://static.wikia.nocookie.net/callofduty/images/c/c8/Lewis_Operator_Default_CODV.png/revision/latest/smart/width/40/height/30?cb=20240223141202
,False,,False,hero_portrait,False,lucas_riggs,candidate_5f3de40fbd77,high,Lucas Riggs,downloaded,False,False,False,Source image fetched from Call of Duty Wiki (Fandom); publisher should verify reuse rights before external distribution.,False,False,/Users/tj/Documents/Codex/2026-04-21-https-github-com-iambehn-claude-repo/assets/games/call_of_duty/drafts/onboarding/20260505T213409Z/masters/heroes/lucas_riggs-0fbd77.png,lucas_riggs,,False,True,False,"[""category member image"", ""portrait-like label""]",0.8,Lucas Riggs,[],Category,category_member_image,https://callofduty.fandom.com/wiki/Category:Call_of_Duty:_Warzone_Operators,operators,Category:Call of Duty: Warzone Operators | Call of Duty Wiki | Fandom,https://static.wikia.nocookie.net/callofduty/images/0/0a/LucasRiggs_Infobox_CODV.png/revision/latest/smart/width/40/height/30?cb=20240223152300
,False,,False,hero_portrait,False,mace,candidate_ae033fcd924a,high,Mace,downloaded,False,False,False,Source image fetched from Call of Duty Wiki (Fandom); publisher should verify reuse rights before external distribution.,False,False,/Users/tj/Documents/Codex/2026-04-21-https-github-com-iambehn-claude-repo/assets/games/call_of_duty/drafts/onboarding/20260505T213409Z/masters/heroes/mace-cd924a.png,mace,,False,True,False,"[""category member image"", ""portrait-like label""]",0.8,Mace,[],Category,category_member_image,https://callofduty.fandom.com/wiki/Category:Call_of_Duty:_Warzone_Operators,operators,Category:Call of Duty: Warzone Operators | Call of Duty Wiki | Fandom,https://static.wikia.nocookie.net/callofduty/images/a/a5/Mace_Operator_Default_MWII.png/revision/latest/smart/width/40/height/30?cb=20240512085738
,False,,False,hero_portrait,False,mara,candidate_81fb577e47ec,high,Mara,downloaded,False,False,False,Source image fetched from Call of Duty Wiki (Fandom); publisher should verify reuse rights before external distribution.,False,False,/Users/tj/Documents/Codex/2026-04-21-https-github-com-iambehn-claude-repo/assets/games/call_of_duty/drafts/onboarding/20260505T213409Z/masters/heroes/mara-7e47ec.png,mara,,False,True,False,"[""category member image"", ""portrait-like label""]",0.8,Mara,[],Category,category_member_image,https://callofduty.fandom.com/wiki/Category:Call_of_Duty:_Warzone_Operators,operators,Category:Call of Duty: Warzone Operators | Call of Duty Wiki | Fandom,https://static.wikia.nocookie.net/callofduty/images/c/ce/Mara_Operator_Default_MW.png/revision/latest/smart/width/40/height/30?cb=20240222163642
,False,,False,hero_portrait,False,marcus_lerch_ortega,candidate_91e5b293524a,high,"Marcus ""Lerch"" Ortega",downloaded,False,False,False,Source image fetched from Call of Duty Wiki (Fandom); publisher should verify reuse rights before external distribution.,False,False,/Users/tj/Documents/Codex/2026-04-21-https-github-com-iambehn-claude-repo/assets/games/call_of_duty/drafts/onboarding/20260505T213409Z/masters/heroes/marcus_lerch_ortega-93524a.png,marcus_lerch_ortega,,False,True,False,"[""category member image"", ""portrait-like label""]",0.8,"Marcus ""Lerch"" Ortega",[],Category,category_member_image,https://callofduty.fandom.com/wiki/Category:Call_of_Duty:_Warzone_Operators,operators,Category:Call of Duty: Warzone Operators | Call of Duty Wiki | Fandom,https://static.wikia.nocookie.net/callofduty/images/a/ae/Lerch_Operator_Default_MW.png/revision/latest/smart/width/40/height/30?cb=20240222163155
,False,,False,hero_portrait,False,marcus_griggs,candidate_7179b7319be0,high,Marcus Griggs,downloaded,False,False,False,Source image fetched from Call of Duty Wiki (Fandom); publisher should verify reuse rights before external distribution.,False,False,/Users/tj/Documents/Codex/2026-04-21-https-github-com-iambehn-claude-repo/assets/games/call_of_duty/drafts/onboarding/20260505T213409Z/masters/heroes/marcus_griggs-319be0.png,marcus_griggs,,False,True,False,"[""category member image"", ""portrait-like label""]",0.8,Marcus Griggs,[],Category,category_member_image,https://callofduty.fandom.com/wiki/Category:Call_of_Duty:_Warzone_Operators,operators,Category:Call of Duty: Warzone Operators | Call of Duty Wiki | Fandom,https://static.wikia.nocookie.net/callofduty/images/4/47/Griggs_Operator_Default_MW.png/revision/latest/smart/width/40/height/30?cb=20240222163434
,False,,False,hero_portrait,False,alex_mason,candidate_ca52f1d3aa03,high,Alex Mason,downloaded,False,False,False,Source image fetched from Call of Duty Wiki (Fandom); publisher should verify reuse rights before external distribution.,False,False,/Users/tj/Documents/Codex/2026-04-21-https-github-com-iambehn-claude-repo/assets/games/call_of_duty/drafts/onboarding/20260505T213409Z/masters/heroes/alex_mason-d3aa03.png,alex_mason,,False,True,False,"[""category member image"", ""portrait-like label""]",0.8,Alex Mason,[],Category,category_member_image,https://callofduty.fandom.com/wiki/Category:Call_of_Duty:_Warzone_Operators,operators,Category:Call of Duty: Warzone Operators | Call of Duty Wiki | Fandom,https://static.wikia.nocookie.net/callofduty/images/c/c0/Alex_Mason_Infobox_1986_BOII.png/revision/latest/smart/width/40/height/30?cb=20231213181030
,False,,False,hero_portrait,False,mateo_hernandez,candidate_9a40796cc4ec,high,Mateo Hernandez,downloaded,False,False,False,Source image fetched from Call of Duty Wiki (Fandom); publisher should verify reuse rights before external distribution.,False,False,/Users/tj/Documents/Codex/2026-04-21-https-github-com-iambehn-claude-repo/assets/games/call_of_duty/drafts/onboarding/20260505T213409Z/masters/heroes/mateo_hernandez-6cc4ec.png,mateo_hernandez,,False,True,False,"[""category member image"", ""portrait-like label""]",0.8,Mateo Hernandez,[],Category,category_member_image,https://callofduty.fandom.com/wiki/Category:Call_of_Duty:_Warzone_Operators,operators,Category:Call of Duty: Warzone Operators | Call of Duty Wiki | Fandom,https://static.wikia.nocookie.net/callofduty/images/a/a3/Mateo_Hernandez.png/revision/latest/smart/width/40/height/30?cb=20211106171253
,False,,False,hero_portrait,False,maxim_minotaur_bale,candidate_7e035e7bb717,high,"Maxim ""Minotaur"" Bale",downloaded,False,False,False,Source image fetched from Call of Duty Wiki (Fandom); publisher should verify reuse rights before external distribution.,False,False,/Users/tj/Documents/Codex/2026-04-21-https-github-com-iambehn-claude-repo/assets/games/call_of_duty/drafts/onboarding/20260505T213409Z/masters/heroes/maxim_minotaur_bale-7bb717.png,maxim_minotaur_bale,,False,True,False,"[""category member image"", ""portrait-like label""]",0.8,"Maxim ""Minotaur"" Bale",[],Category,category_member_image,https://callofduty.fandom.com/wiki/Category:Call_of_Duty:_Warzone_Operators,operators,Category:Call of Duty: Warzone Operators | Call of Duty Wiki | Fandom,https://static.wikia.nocookie.net/callofduty/images/b/b9/Minotaur_Operator_Default_MW.png/revision/latest/smart/width/40/height/30?cb=20240222163139
,False,,False,hero_portrait,False,maxim_antonov,candidate_c10972ca21c0,high,Maxim Antonov,downloaded,False,False,False,Source image fetched from Call of Duty Wiki (Fandom); publisher should verify reuse rights before external distribution.,False,False,/Users/tj/Documents/Codex/2026-04-21-https-github-com-iambehn-claude-repo/assets/games/call_of_duty/drafts/onboarding/20260505T213409Z/masters/heroes/maxim_antonov-ca21c0.png,maxim_antonov,,False,True,False,"[""category member image"", ""portrait-like label""]",0.8,Maxim Antonov,[],Category,category_member_image,https://callofduty.fandom.com/wiki/Category:Call_of_Duty:_Warzone_Operators,operators,Category:Call of Duty: Warzone Operators | Call of Duty Wiki | Fandom,https://static.wikia.nocookie.net/callofduty/images/1/17/Antonov_Operator_Default_BOCW.png/revision/latest/smart/width/40/height/30?cb=20240223121622
,False,,False,hero_portrait,False,mendo_garcia,candidate_74ef3ce7717c,high,Mendo Garcia,downloaded,False,False,False,Source image fetched from Call of Duty Wiki (Fandom); publisher should verify reuse rights before external distribution.,False,False,/Users/tj/Documents/Codex/2026-04-21-https-github-com-iambehn-claude-repo/assets/games/call_of_duty/drafts/onboarding/20260505T213409Z/masters/heroes/mendo_garcia-e7717c.png,mendo_garcia,,False,True,False,"[""category member image"", ""portrait-like label""]",0.8,Mendo Garcia,[],Category,category_member_image,https://callofduty.fandom.com/wiki/Category:Call_of_Duty:_Warzone_Operators,operators,Category:Call of Duty: Warzone Operators | Call of Duty Wiki | Fandom,https://static.wikia.nocookie.net/callofduty/images/c/c7/Garcia_Operator_Default_BOCW.png/revision/latest/smart/width/40/height/30?cb=20240223121651
,False,,False,hero_portrait,False,mil_sim,candidate_c0e015dcf2f3,high,Mil-Sim,downloaded,False,False,False,Source image fetched from Call of Duty Wiki (Fandom); publisher should verify reuse rights before external distribution.,False,False,/Users/tj/Documents/Codex/2026-04-21-https-github-com-iambehn-claude-repo/assets/games/call_of_duty/drafts/onboarding/20260505T213409Z/masters/heroes/mil_sim-dcf2f3.png,mil_sim,,False,True,False,"[""category member image"", ""portrait-like label""]",0.8,Mil-Sim,[],Category,category_member_image,https://callofduty.fandom.com/wiki/Category:Call_of_Duty:_Warzone_Operators,operators,Category:Call of Duty: Warzone Operators | Call of Duty Wiki | Fandom,https://static.wikia.nocookie.net/callofduty/images/8/8c/MilSim_Coalition_Operator_Default_MW.png/revision/latest/smart/width/40/height/30?cb=20240222163827
,False,,False,hero_portrait,False,nikodim_rodion_egorov,candidate_994ce0fb6e36,high,"Nikodim ""Rodion"" Egorov",downloaded,False,False,False,Source image fetched from Call of Duty Wiki (Fandom); publisher should verify reuse rights before external distribution.,False,False,/Users/tj/Documents/Codex/2026-04-21-https-github-com-iambehn-claude-repo/assets/games/call_of_duty/drafts/onboarding/20260505T213409Z/masters/heroes/nikodim_rodion_egorov-fb6e36.png,nikodim_rodion_egorov,,False,True,False,"[""category member image"", ""portrait-like label""]",0.8,"Nikodim ""Rodion"" Egorov",[],Category,category_member_image,https://callofduty.fandom.com/wiki/Category:Call_of_Duty:_Warzone_Operators,operators,Category:Call of Duty: Warzone Operators | Call of Duty Wiki | Fandom,https://static.wikia.nocookie.net/callofduty/images/4/47/Rodion_Operator_Default_MW.png/revision/latest/smart/width/40/height/30?cb=20240222163124
,False,,False,hero_portrait,False,nikto,candidate_1a953c0b43a7,high,Nikto,downloaded,False,False,False,Source image fetched from Call of Duty Wiki (Fandom); publisher should verify reuse rights before external distribution.,False,False,/Users/tj/Documents/Codex/2026-04-21-https-github-com-iambehn-claude-repo/assets/games/call_of_duty/drafts/onboarding/20260505T213409Z/masters/heroes/nikto-0b43a7.png,nikto,,False,True,False,"[""category member image"", ""portrait-like label""]",0.8,Nikto,[],Category,category_member_image,https://callofduty.fandom.com/wiki/Category:Call_of_Duty:_Warzone_Operators,operators,Category:Call of Duty: Warzone Operators | Call of Duty Wiki | Fandom,https://static.wikia.nocookie.net/callofduty/images/f/f4/Nikto_Operator_Default_MWII.png/revision/latest/smart/width/40/height/30?cb=20240512090335
,False,,False,hero_portrait,False,owethu_jackal_mabuza,candidate_886197b855a9,high,"Owethu ""Jackal"" Mabuza",downloaded,False,False,False,Source image fetched from Call of Duty Wiki (Fandom); publisher should verify reuse rights before external distribution.,False,False,/Users/tj/Documents/Codex/2026-04-21-https-github-com-iambehn-claude-repo/assets/games/call_of_duty/drafts/onboarding/20260505T213409Z/masters/heroes/owethu_jackal_mabuza-b855a9.png,owethu_jackal_mabuza,,False,True,False,"[""category member image"", ""portrait-like label""]",0.8,"Owethu ""Jackal"" Mabuza",[],Category,category_member_image,https://callofduty.fandom.com/wiki/Category:Call_of_Duty:_Warzone_Operators,operators,Category:Call of Duty: Warzone Operators | Call of Duty Wiki | Fandom,https://static.wikia.nocookie.net/callofduty/images/1/1d/Jackal_Operator_Default_BOCW.png/revision/latest/smart/width/40/height/30?cb=20240223121603
,False,,False,hero_portrait,False,padmavati_balan,candidate_9f656ca38ed6,high,Padmavati Balan,downloaded,False,False,False,Source image fetched from Call of Duty Wiki (Fandom); publisher should verify reuse rights before external distribution.,False,False,/Users/tj/Documents/Codex/2026-04-21-https-github-com-iambehn-claude-repo/assets/games/call_of_duty/drafts/onboarding/20260505T213409Z/masters/heroes/padmavati_balan-a38ed6.png,padmavati_balan,,False,True,False,"[""category member image"", ""portrait-like label""]",0.8,Padmavati Balan,[],Category,category_member_image,https://callofduty.fandom.com/wiki/Category:Call_of_Duty:_Warzone_Operators,operators,Category:Call of Duty: Warzone Operators | Call of Duty Wiki | Fandom,https://static.wikia.nocookie.net/callofduty/images/4/42/Padmavati_Operator_Default_CODV.png/revision/latest/smart/width/40/height/30?cb=20240223141350
,False,,False,hero_portrait,False,polina_petrova,candidate_17396dd52b57,medium,Polina Petrova,downloaded,True,False,False,Source image fetched from Call of Duty Wiki (Fandom); publisher should verify reuse rights before external distribution.,False,False,/Users/tj/Documents/Codex/2026-04-21-https-github-com-iambehn-claude-repo/assets/games/call_of_duty/drafts/onboarding/20260505T213409Z/masters/heroes/polina_petrova-d52b57.png,polina_petrova,,False,True,False,"[""category member image"", ""portrait-like label"", ""generic promotional art""]",0.62,Polina Petrova,[],Category,category_member_image,https://callofduty.fandom.com/wiki/Category:Call_of_Duty:_Warzone_Operators,operators,Category:Call of Duty: Warzone Operators | Call of Duty Wiki | Fandom,https://static.wikia.nocookie.net/callofduty/images/7/78/PolinaPetrova_Promo_CODV.jpg/revision/latest/smart/width/40/height/30?cb=20210819213343
,False,,False,hero_portrait,False,raul_menendez,candidate_9b6faec90640,high,Raul Menendez,downloaded,False,False,False,Source image fetched from Call of Duty Wiki (Fandom); publisher should verify reuse rights before external distribution.,False,False,/Users/tj/Documents/Codex/2026-04-21-https-github-com-iambehn-claude-repo/assets/games/call_of_duty/drafts/onboarding/20260505T213409Z/masters/heroes/raul_menendez-c90640.png,raul_menendez,,False,True,False,"[""category member image"", ""portrait-like label""]",0.8,Raul Menendez,[],Category,category_member_image,https://callofduty.fandom.com/wiki/Category:Call_of_Duty:_Warzone_Operators,operators,Category:Call of Duty: Warzone Operators | Call of Duty Wiki | Fandom,https://static.wikia.nocookie.net/callofduty/images/6/65/Raul_Menendez_BO7.png/revision/latest/smart/width/40/height/30?cb=20250819193332
,False,,False,hero_portrait,False,roland_zeimet,candidate_df544d88f5f7,high,Roland Zeimet,downloaded,False,False,False,Source image fetched from Call of Duty Wiki (Fandom); publisher should verify reuse rights before external distribution.,False,False,/Users/tj/Documents/Codex/2026-04-21-https-github-com-iambehn-claude-repo/assets/games/call_of_duty/drafts/onboarding/20260505T213409Z/masters/heroes/roland_zeimet-88f5f7.png,roland_zeimet,,False,True,False,"[""category member image"", ""portrait-like label""]",0.8,Roland Zeimet,[],Category,category_member_image,https://callofduty.fandom.com/wiki/Category:Call_of_Duty:_Warzone_Operators,operators,Category:Call of Duty: Warzone Operators | Call of Duty Wiki | Fandom,https://static.wikia.nocookie.net/callofduty/images/8/83/Roland_Operator_Default_CODV.png/revision/latest/smart/width/40/height/30?cb=20240223141317
,False,,False,hero_portrait,False,roman_knight_gray,candidate_39fbd7ccb2f4,high,"Roman ""Knight"" Gray",downloaded,False,False,False,Source image fetched from Call of Duty Wiki (Fandom); publisher should verify reuse rights before external distribution.,False,False,/Users/tj/Documents/Codex/2026-04-21-https-github-com-iambehn-claude-repo/assets/games/call_of_duty/drafts/onboarding/20260505T213409Z/masters/heroes/roman_knight_gray-ccb2f4.png,roman_knight_gray,,False,True,False,"[""category member image"", ""portrait-like label""]",0.8,"Roman ""Knight"" Gray",[],Category,category_member_image,https://callofduty.fandom.com/wiki/Category:Call_of_Duty:_Warzone_Operators,operators,Category:Call of Duty: Warzone Operators | Call of Duty Wiki | Fandom,https://static.wikia.nocookie.net/callofduty/images/e/e9/Knight_Operator_Default_BOCW.png/revision/latest/smart/width/40/height/30?cb=20240223121635
,False,,False,hero_portrait,False,rozlin_roze_helms,candidate_ba4f82b2863c,high,"Rozlin ""Roze"" Helms",downloaded,False,False,False,Source image fetched from Call of Duty Wiki (Fandom); publisher should verify reuse rights before external distribution.,False,False,/Users/tj/Documents/Codex/2026-04-21-https-github-com-iambehn-claude-repo/assets/games/call_of_duty/drafts/onboarding/20260505T213409Z/masters/heroes/rozlin_roze_helms-b2863c.png,rozlin_roze_helms,,False,True,False,"[""category member image"", ""portrait-like label""]",0.8,"Rozlin ""Roze"" Helms",[],Category,category_member_image,https://callofduty.fandom.com/wiki/Category:Call_of_Duty:_Warzone_Operators,operators,Category:Call of Duty: Warzone Operators | Call of Duty Wiki | Fandom,https://static.wikia.nocookie.net/callofduty/images/c/c4/Roze_Operator_Default_MWII.png/revision/latest/smart/width/40/height/30?cb=20240512085551
,False,,False,hero_portrait,False,russell_adler,candidate_230ab07eca79,high,Russell Adler,downloaded,False,False,False,Source image fetched from Call of Duty Wiki (Fandom); publisher should verify reuse rights before external distribution.,False,False,/Users/tj/Documents/Codex/2026-04-21-https-github-com-iambehn-claude-repo/assets/games/call_of_duty/drafts/onboarding/20260505T213409Z/masters/heroes/russell_adler-7eca79.png,russell_adler,,False,True,False,"[""category member image"", ""portrait-like label""]",0.8,Russell Adler,[],Category,category_member_image,https://callofduty.fandom.com/wiki/Category:Call_of_Duty:_Warzone_Operators,operators,Category:Call of Duty: Warzone Operators | Call of Duty Wiki | Fandom,https://static.wikia.nocookie.net/callofduty/images/8/81/RussellAdler_BO6.png/revision/latest/smart/width/40/height/30?cb=20241025045652
,False,,False,hero_portrait,False,samantha_maxis,candidate_308781d75acb,high,Samantha Maxis,downloaded,False,False,False,Source image fetched from Call of Duty Wiki (Fandom); publisher should verify reuse rights before external distribution.,False,False,/Users/tj/Documents/Codex/2026-04-21-https-github-com-iambehn-claude-repo/assets/games/call_of_duty/drafts/onboarding/20260505T213409Z/masters/heroes/samantha_maxis-d75acb.png,samantha_maxis,,False,True,False,"[""category member image"", ""portrait-like label""]",0.8,Samantha Maxis,[],Category,category_member_image,https://callofduty.fandom.com/wiki/Category:Call_of_Duty:_Warzone_Operators,operators,Category:Call of Duty: Warzone Operators | Call of Duty Wiki | Fandom,https://static.wikia.nocookie.net/callofduty/images/1/1f/SamanthaMaxis_HUD_Outbreak_Zombies_BOCW.png/revision/latest/smart/width/40/height/30?cb=20210524122528
,False,,False,hero_portrait,False,sebastian_krueger_modern_warfare,candidate_61f4e0ed11a8,high,Sebastian Krueger (Modern Warfare),downloaded,False,False,False,Source image fetched from Call of Duty Wiki (Fandom); publisher should verify reuse rights before external distribution.,False,False,/Users/tj/Documents/Codex/2026-04-21-https-github-com-iambehn-claude-repo/assets/games/call_of_duty/drafts/onboarding/20260505T213409Z/masters/heroes/sebastian_krueger_modern_warfare-ed11a8.png,sebastian_krueger_modern_warfare,,False,True,False,"[""category member image"", ""portrait-like label""]",0.8,Sebastian Krueger (Modern Warfare),[],Category,category_member_image,https://callofduty.fandom.com/wiki/Category:Call_of_Duty:_Warzone_Operators,operators,Category:Call of Duty: Warzone Operators | Call of Duty Wiki | Fandom,https://static.wikia.nocookie.net/callofduty/images/f/fb/Krueger_Operator_Default_MW.png/revision/latest/smart/width/40/height/30?cb=20240222163916
,False,,False,hero_portrait,False,sebastian_vargas,candidate_a6f62a9d829e,high,Sebastian Vargas,downloaded,False,False,False,Source image fetched from Call of Duty Wiki (Fandom); publisher should verify reuse rights before external distribution.,False,False,/Users/tj/Documents/Codex/2026-04-21-https-github-com-iambehn-claude-repo/assets/games/call_of_duty/drafts/onboarding/20260505T213409Z/masters/heroes/sebastian_vargas-9d829e.png,sebastian_vargas,,False,True,False,"[""category member image"", ""portrait-like label""]",0.8,Sebastian Vargas,[],Category,category_member_image,https://callofduty.fandom.com/wiki/Category:Call_of_Duty:_Warzone_Operators,operators,Category:Call of Duty: Warzone Operators | Call of Duty Wiki | Fandom,https://static.wikia.nocookie.net/callofduty/images/5/52/Vargas_Operator_Default_BOCW.png/revision/latest/smart/width/40/height/30?cb=20240223121655
,False,,False,hero_portrait,False,sergio_morte_sulla,candidate_33470b1fd85e,high,"Sergio ""Morte"" Sulla",downloaded,False,False,False,Source image fetched from Call of Duty Wiki (Fandom); publisher should verify reuse rights before external distribution.,False,False,/Users/tj/Documents/Codex/2026-04-21-https-github-com-iambehn-claude-repo/assets/games/call_of_duty/drafts/onboarding/20260505T213409Z/masters/heroes/sergio_morte_sulla-1fd85e.png,sergio_morte_sulla,,False,True,False,"[""category member image"", ""portrait-like label""]",0.8,"Sergio ""Morte"" Sulla",[],Category,category_member_image,https://callofduty.fandom.com/wiki/Category:Call_of_Duty:_Warzone_Operators,operators,Category:Call of Duty: Warzone Operators | Call of Duty Wiki | Fandom,https://static.wikia.nocookie.net/callofduty/images/1/1c/Morte_Operator_Default_MW.png/revision/latest/smart/width/40/height/30?cb=20240222163601
,False,,False,hero_portrait,False,shane_sparks,candidate_023fe08a8a1b,high,Shane Sparks,downloaded,False,False,False,Source image fetched from Call of Duty Wiki (Fandom); publisher should verify reuse rights before external distribution.,False,False,/Users/tj/Documents/Codex/2026-04-21-https-github-com-iambehn-claude-repo/assets/games/call_of_duty/drafts/onboarding/20260505T213409Z/masters/heroes/shane_sparks-8a8a1b.png,shane_sparks,,False,True,False,"[""category member image"", ""portrait-like label""]",0.8,Shane Sparks,[],Category,category_member_image,https://callofduty.fandom.com/wiki/Category:Call_of_Duty:_Warzone_Operators,operators,Category:Call of Duty: Warzone Operators | Call of Duty Wiki | Fandom,https://static.wikia.nocookie.net/callofduty/images/c/cb/Sparks_Operator_Default_MW.png/revision/latest/smart/width/40/height/30?cb=20240222163531
,False,,False,hero_portrait,False,shigenori_ota,candidate_b23a9be5f6ad,high,Shigenori Ota,downloaded,False,False,False,Source image fetched from Call of Duty Wiki (Fandom); publisher should verify reuse rights before external distribution.,False,False,/Users/tj/Documents/Codex/2026-04-21-https-github-com-iambehn-claude-repo/assets/games/call_of_duty/drafts/onboarding/20260505T213409Z/masters/heroes/shigenori_ota-e5f6ad.png,shigenori_ota,,False,True,False,"[""category member image"", ""portrait-like label""]",0.8,Shigenori Ota,[],Category,category_member_image,https://callofduty.fandom.com/wiki/Category:Call_of_Duty:_Warzone_Operators,operators,Category:Call of Duty: Warzone Operators | Call of Duty Wiki | Fandom,https://static.wikia.nocookie.net/callofduty/images/d/d4/Shigenori_Operator_Default_CODV.png/revision/latest/smart/width/40/height/30?cb=20240223141303
,False,,False,hero_portrait,False,snoop_dogg,candidate_5dd2219aee6e,high,Snoop Dogg,downloaded,False,False,False,Source image fetched from Call of Duty Wiki (Fandom); publisher should verify reuse rights before external distribution.,False,False,/Users/tj/Documents/Codex/2026-04-21-https-github-com-iambehn-claude-repo/assets/games/call_of_duty/drafts/onboarding/20260505T213409Z/masters/heroes/snoop_dogg-9aee6e.png,snoop_dogg,,False,True,False,"[""category member image"", ""portrait-like label""]",0.8,Snoop Dogg,[],Category,category_member_image,https://callofduty.fandom.com/wiki/Category:Call_of_Duty:_Warzone_Operators,operators,Category:Call of Duty: Warzone Operators | Call of Duty Wiki | Fandom,https://static.wikia.nocookie.net/callofduty/images/1/10/Snoop_Dogg_Operator_Default_MWII.png/revision/latest/smart/width/40/height/30?cb=20240512090416
,False,,False,hero_portrait,False,solange_hardewijk,candidate_db27ea627fc8,high,Solange Hardewijk,downloaded,False,False,False,Source image fetched from Call of Duty Wiki (Fandom); publisher should verify reuse rights before external distribution.,False,False,/Users/tj/Documents/Codex/2026-04-21-https-github-com-iambehn-claude-repo/assets/games/call_of_duty/drafts/onboarding/20260505T213409Z/masters/heroes/solange_hardewijk-627fc8.png,solange_hardewijk,,False,True,False,"[""category member image"", ""portrait-like label""]",0.8,Solange Hardewijk,[],Category,category_member_image,https://callofduty.fandom.com/wiki/Category:Call_of_Duty:_Warzone_Operators,operators,Category:Call of Duty: Warzone Operators | Call of Duty Wiki | Fandom,https://static.wikia.nocookie.net/callofduty/images/f/f0/Solange_Operator_Default_CODV.png/revision/latest/smart/width/40/height/30?cb=20240223141251
,False,,False,hero_portrait,False,sydney_syd,candidate_acbb69856bc4,high,"Sydney ""Syd""",downloaded,False,False,False,Source image fetched from Call of Duty Wiki (Fandom); publisher should verify reuse rights before external distribution.,False,False,/Users/tj/Documents/Codex/2026-04-21-https-github-com-iambehn-claude-repo/assets/games/call_of_duty/drafts/onboarding/20260505T213409Z/masters/heroes/sydney_syd-856bc4.png,sydney_syd,,False,True,False,"[""category member image"", ""portrait-like label""]",0.8,"Sydney ""Syd""",[],Category,category_member_image,https://callofduty.fandom.com/wiki/Category:Call_of_Duty:_Warzone_Operators,operators,Category:Call of Duty: Warzone Operators | Call of Duty Wiki | Fandom,https://static.wikia.nocookie.net/callofduty/images/e/e2/Syd_Operator_Default_MW.png/revision/latest/smart/width/40/height/30?cb=20240222163052
,False,,False,hero_portrait,False,terrell_wolf,candidate_683d7ddfee93,high,Terrell Wolf,downloaded,False,False,False,Source image fetched from Call of Duty Wiki (Fandom); publisher should verify reuse rights before external distribution.,False,False,/Users/tj/Documents/Codex/2026-04-21-https-github-com-iambehn-claude-repo/assets/games/call_of_duty/drafts/onboarding/20260505T213409Z/masters/heroes/terrell_wolf-dfee93.png,terrell_wolf,,False,True,False,"[""category member image"", ""portrait-like label""]",0.8,Terrell Wolf,[],Category,category_member_image,https://callofduty.fandom.com/wiki/Category:Call_of_Duty:_Warzone_Operators,operators,Category:Call of Duty: Warzone Operators | Call of Duty Wiki | Fandom,https://static.wikia.nocookie.net/callofduty/images/a/a0/Wolf_Operator_Default_BOCW.png/revision/latest/smart/width/40/height/30?cb=20240223121803
,False,,False,hero_portrait,False,thomas_bolt,candidate_20e0aae1cf6d,high,Thomas Bolt,downloaded,False,False,False,Source image fetched from Call of Duty Wiki (Fandom); publisher should verify reuse rights before external distribution.,False,False,/Users/tj/Documents/Codex/2026-04-21-https-github-com-iambehn-claude-repo/assets/games/call_of_duty/drafts/onboarding/20260505T213409Z/masters/heroes/thomas_bolt-e1cf6d.png,thomas_bolt,,False,True,False,"[""category member image"", ""portrait-like label""]",0.8,Thomas Bolt,[],Category,category_member_image,https://callofduty.fandom.com/wiki/Category:Call_of_Duty:_Warzone_Operators,operators,Category:Call of Duty: Warzone Operators | Call of Duty Wiki | Fandom,https://static.wikia.nocookie.net/callofduty/images/e/e2/Thomas_Operator_Default_CODV.png/revision/latest/smart/width/40/height/30?cb=20240223135910
,False,,False,hero_portrait,False,velikan,candidate_ce2c3f6518d7,high,Velikan,downloaded,False,False,False,Source image fetched from Call of Duty Wiki (Fandom); publisher should verify reuse rights before external distribution.,False,False,/Users/tj/Documents/Codex/2026-04-21-https-github-com-iambehn-claude-repo/assets/games/call_of_duty/drafts/onboarding/20260505T213409Z/masters/heroes/velikan-6518d7.png,velikan,,False,True,False,"[""category member image"", ""portrait-like label""]",0.8,Velikan,[],Category,category_member_image,https://callofduty.fandom.com/wiki/Category:Call_of_Duty:_Warzone_Operators,operators,Category:Call of Duty: Warzone Operators | Call of Duty Wiki | Fandom,https://static.wikia.nocookie.net/callofduty/images/c/c2/Velikan_Operator_Default_MWII.png/revision/latest/smart/width/40/height/30?cb=20240512090437
,False,,False,hero_portrait,False,vikhor_stitch_kuzmin,candidate_4fb199ef721a,high,"Vikhor ""Stitch"" Kuzmin",downloaded,False,False,False,Source image fetched from Call of Duty Wiki (Fandom); publisher should verify reuse rights before external distribution.,False,False,/Users/tj/Documents/Codex/2026-04-21-https-github-com-iambehn-claude-repo/assets/games/call_of_duty/drafts/onboarding/20260505T213409Z/masters/heroes/vikhor_stitch_kuzmin-ef721a.png,vikhor_stitch_kuzmin,,False,True,False,"[""category member image"", ""portrait-like label""]",0.8,"Vikhor ""Stitch"" Kuzmin",[],Category,category_member_image,https://callofduty.fandom.com/wiki/Category:Call_of_Duty:_Warzone_Operators,operators,Category:Call of Duty: Warzone Operators | Call of Duty Wiki | Fandom,https://static.wikia.nocookie.net/callofduty/images/8/86/Stitch_Operator_Default_BO6.png/revision/latest/smart/width/40/height/30?cb=20250529164210
,False,,False,hero_portrait,False,viktor_zane_metiko,candidate_ef0556e0a713,high,"Viktor ""Zane"" Metiko",downloaded,False,False,False,Source image fetched from Call of Duty Wiki (Fandom); publisher should verify reuse rights before external distribution.,False,False,/Users/tj/Documents/Codex/2026-04-21-https-github-com-iambehn-claude-repo/assets/games/call_of_duty/drafts/onboarding/20260505T213409Z/masters/heroes/viktor_zane_metiko-e0a713.png,viktor_zane_metiko,,False,True,False,"[""category member image"", ""portrait-like label""]",0.8,"Viktor ""Zane"" Metiko",[],Category,category_member_image,https://callofduty.fandom.com/wiki/Category:Call_of_Duty:_Warzone_Operators,operators,Category:Call of Duty: Warzone Operators | Call of Duty Wiki | Fandom,https://static.wikia.nocookie.net/callofduty/images/d/df/Zane_Operator_Default_MW.png/revision/latest/smart/width/40/height/30?cb=20240222163306
,False,,False,hero_portrait,False,wade_jackson,candidate_8458e364ec09,medium,Wade Jackson,downloaded,True,False,False,Source image fetched from Call of Duty Wiki (Fandom); publisher should verify reuse rights before external distribution.,False,False,/Users/tj/Documents/Codex/2026-04-21-https-github-com-iambehn-claude-repo/assets/games/call_of_duty/drafts/onboarding/20260505T213409Z/masters/heroes/wade_jackson-64ec09.png,wade_jackson,,False,True,False,"[""category member image"", ""portrait-like label"", ""generic promotional art""]",0.62,Wade Jackson,[],Category,category_member_image,https://callofduty.fandom.com/wiki/Category:Call_of_Duty:_Warzone_Operators,operators,Category:Call of Duty: Warzone Operators | Call of Duty Wiki | Fandom,https://static.wikia.nocookie.net/callofduty/images/0/05/WadeJackson_Promo_CODV.png/revision/latest/smart/width/40/height/30?cb=20210820092009
,False,,False,hero_portrait,False,wayne_d_day_davis,candidate_690aa24de2ff,high,"Wayne ""D-Day"" Davis",downloaded,False,False,False,Source image fetched from Call of Duty Wiki (Fandom); publisher should verify reuse rights before external distribution.,False,False,/Users/tj/Documents/Codex/2026-04-21-https-github-com-iambehn-claude-repo/assets/games/call_of_duty/drafts/onboarding/20260505T213409Z/masters/heroes/wayne_d_day_davis-4de2ff.png,wayne_d_day_davis,,False,True,False,"[""category member image"", ""portrait-like label""]",0.8,"Wayne ""D-Day"" Davis",[],Category,category_member_image,https://callofduty.fandom.com/wiki/Category:Call_of_Duty:_Warzone_Operators,operators,Category:Call of Duty: Warzone Operators | Call of Duty Wiki | Fandom,https://static.wikia.nocookie.net/callofduty/images/6/66/DDay_Operator_Default_MW.png/revision/latest/smart/width/40/height/30?cb=20240222163546
,False,,False,hero_portrait,False,wyatt_bulldozer_jones,candidate_0254851ed557,high,"Wyatt ""Bulldozer"" Jones",downloaded,False,False,False,Source image fetched from Call of Duty Wiki (Fandom); publisher should verify reuse rights before external distribution.,False,False,/Users/tj/Documents/Codex/2026-04-21-https-github-com-iambehn-claude-repo/assets/games/call_of_duty/drafts/onboarding/20260505T213409Z/masters/heroes/wyatt_bulldozer_jones-1ed557.png,wyatt_bulldozer_jones,,False,True,False,"[""category member image"", ""portrait-like label""]",0.8,"Wyatt ""Bulldozer"" Jones",[],Category,category_member_image,https://callofduty.fandom.com/wiki/Category:Call_of_Duty:_Warzone_Operators,operators,Category:Call of Duty: Warzone Operators | Call of Duty Wiki | Fandom,https://static.wikia.nocookie.net/callofduty/images/b/b2/Bulldozer_Operator_Default_BOCW.png/revision/latest/smart/width/40/height/30?cb=20240223121748
,False,,False,hero_portrait,False,yegor_novak,candidate_d6865bc81e58,high,Yegor Novak,downloaded,False,False,False,Source image fetched from Call of Duty Wiki (Fandom); publisher should verify reuse rights before external distribution.,False,False,/Users/tj/Documents/Codex/2026-04-21-https-github-com-iambehn-claude-repo/assets/games/call_of_duty/drafts/onboarding/20260505T213409Z/masters/heroes/yegor_novak-c81e58.png,yegor_novak,,False,True,False,"[""category member image"", ""portrait-like label""]",0.8,Yegor Novak,[],Category,category_member_image,https://callofduty.fandom.com/wiki/Category:Call_of_Duty:_Warzone_Operators,operators,Category:Call of Duty: Warzone Operators | Call of Duty Wiki | Fandom,https://static.wikia.nocookie.net/callofduty/images/9/91/Yegor_Operator_Default_MW.png/revision/latest/smart/width/40/height/30?cb=20240222163108
,False,,False,hero_portrait,False,yirina_portnova,candidate_6d2e3c110a4e,high,Yirina Portnova,downloaded,False,False,False,Source image fetched from Call of Duty Wiki (Fandom); publisher should verify reuse rights before external distribution.,False,False,/Users/tj/Documents/Codex/2026-04-21-https-github-com-iambehn-claude-repo/assets/games/call_of_duty/drafts/onboarding/20260505T213409Z/masters/heroes/yirina_portnova-110a4e.png,yirina_portnova,,False,True,False,"[""category member image"", ""portrait-like label""]",0.8,Yirina Portnova,[],Category,category_member_image,https://callofduty.fandom.com/wiki/Category:Call_of_Duty:_Warzone_Operators,operators,Category:Call of Duty: Warzone Operators | Call of Duty Wiki | Fandom,https://static.wikia.nocookie.net/callofduty/images/d/d2/Portnova_Operator_Default_BOCW.png/revision/latest/smart/width/40/height/30?cb=20240223121652
,False,,False,hero_portrait,False,zeyna_ossou,candidate_5d089d000ad9,high,Zeyna Ossou,downloaded,False,False,False,Source image fetched from Call of Duty Wiki (Fandom); publisher should verify reuse rights before external distribution.,False,False,/Users/tj/Documents/Codex/2026-04-21-https-github-com-iambehn-claude-repo/assets/games/call_of_duty/drafts/onboarding/20260505T213409Z/masters/heroes/zeyna_ossou-000ad9.png,zeyna_ossou,,False,True,False,"[""category member image"", ""portrait-like label""]",0.8,Zeyna Ossou,[],Category,category_member_image,https://callofduty.fandom.com/wiki/Category:Call_of_Duty:_Warzone_Operators,operators,Category:Call of Duty: Warzone Operators | Call of Duty Wiki | Fandom,https://static.wikia.nocookie.net/callofduty/images/9/99/Zeyna_Operator_Default_BOCW.png/revision/latest/smart/width/40/height/30?cb=20240223121817
,False,,False,equipment_icon,False,armor_plates,candidate_685a3143ae9e,high,Armor Plates,downloaded,False,False,True,Source image fetched from Call of Duty Wiki (Fandom); publisher should verify reuse rights before external distribution.,False,False,/Users/tj/Documents/Codex/2026-04-21-https-github-com-iambehn-claude-repo/assets/games/call_of_duty/drafts/onboarding/20260505T213409Z/masters/equipment/armor_plates-43ae9e.png,armor_plates,,False,False,False,"[""category member image"", ""icon-like label""]",0.8,Armor Plates,[],Category,category_member_image,https://callofduty.fandom.com/wiki/Category:Call_of_Duty:_Warzone_Equipment,equipment,Category:Call of Duty: Warzone Equipment | Call of Duty Wiki | Fandom,https://static.wikia.nocookie.net/callofduty/images/1/13/Armor_Scorestreak_BOCW.png/revision/latest/smart/width/40/height/30?cb=20260407113817
,False,,False,equipment_icon,False,armor_satchel,candidate_a210bbfb50ae,high,Armor Satchel,downloaded,False,False,True,Source image fetched from Call of Duty Wiki (Fandom); publisher should verify reuse rights before external distribution.,False,False,/Users/tj/Documents/Codex/2026-04-21-https-github-com-iambehn-claude-repo/assets/games/call_of_duty/drafts/onboarding/20260505T213409Z/masters/equipment/armor_satchel-fb50ae.png,armor_satchel,,False,False,False,"[""category member image"", ""icon-like label""]",0.8,Armor Satchel,[],Category,category_member_image,https://callofduty.fandom.com/wiki/Category:Call_of_Duty:_Warzone_Equipment,equipment,Category:Call of Duty: Warzone Equipment | Call of Duty Wiki | Fandom,https://static.wikia.nocookie.net/callofduty/images/4/44/Armor_Satchel_Icon_WZ.png/revision/latest/smart/width/40/height/30?cb=20250610040841
,False,,False,equipment_icon,False,artillery_marker,candidate_1efaa23aefa1,high,Artillery Marker,downloaded,False,False,True,Source image fetched from Call of Duty Wiki (Fandom); publisher should verify reuse rights before external distribution.,False,False,/Users/tj/Documents/Codex/2026-04-21-https-github-com-iambehn-claude-repo/assets/games/call_of_duty/drafts/onboarding/20260505T213409Z/masters/equipment/artillery_marker-3aefa1.png,artillery_marker,,False,False,False,"[""category member image"", ""icon-like label""]",0.8,Artillery Marker,[],Category,category_member_image,https://callofduty.fandom.com/wiki/Category:Call_of_Duty:_Warzone_Equipment,equipment,Category:Call of Duty: Warzone Equipment | Call of Duty Wiki | Fandom,https://static.wikia.nocookie.net/callofduty/images/7/79/Laser_designator_mw2019.png/revision/latest/smart/width/40/height/30?cb=20221003084239
,False,,False,equipment_icon,False,ascender,candidate_51fac440ffe6,high,Ascender,downloaded,False,False,True,Source image fetched from Call of Duty Wiki (Fandom); publisher should verify reuse rights before external distribution.,False,False,/Users/tj/Documents/Codex/2026-04-21-https-github-com-iambehn-claude-repo/assets/games/call_of_duty/drafts/onboarding/20260505T213409Z/masters/equipment/ascender-40ffe6.png,ascender,,False,False,False,"[""category member image"", ""icon-like label""]",0.8,Ascender,[],Category,category_member_image,https://callofduty.fandom.com/wiki/Category:Call_of_Duty:_Warzone_Equipment,equipment,Category:Call of Duty: Warzone Equipment | Call of Duty Wiki | Fandom,https://static.wikia.nocookie.net/callofduty/images/a/aa/Ascender_MWIII.png/revision/latest/smart/width/40/height/30?cb=20231103033335
,False,,False,equipment_icon,False,body_armor_gear,candidate_6c27ee56e496,high,Body Armor (gear),downloaded,False,False,True,Source image fetched from Call of Duty Wiki (Fandom); publisher should verify reuse rights before external distribution.,False,False,/Users/tj/Documents/Codex/2026-04-21-https-github-com-iambehn-claude-repo/assets/games/call_of_duty/drafts/onboarding/20260505T213409Z/masters/equipment/body_armor_gear-56e496.png,body_armor_gear,,False,False,False,"[""category member image"", ""icon-like label""]",0.8,Body Armor (gear),[],Category,category_member_image,https://callofduty.fandom.com/wiki/Category:Call_of_Duty:_Warzone_Equipment,equipment,Category:Call of Duty: Warzone Equipment | Call of Duty Wiki | Fandom,https://static.wikia.nocookie.net/callofduty/images/7/7f/Body_Armor_Bo4.png/revision/latest/smart/width/40/height/30?cb=20190114150725
,False,,False,equipment_icon,False,gas_mask_equipment,candidate_799bac96e941,high,Gas Mask (equipment),downloaded,False,False,True,Source image fetched from Call of Duty Wiki (Fandom); publisher should verify reuse rights before external distribution.,False,False,/Users/tj/Documents/Codex/2026-04-21-https-github-com-iambehn-claude-repo/assets/games/call_of_duty/drafts/onboarding/20260505T213409Z/masters/equipment/gas_mask_equipment-96e941.png,gas_mask_equipment,,False,False,False,"[""category member image"", ""icon-like label""]",0.8,Gas Mask (equipment),[],Category,category_member_image,https://callofduty.fandom.com/wiki/Category:Call_of_Duty:_Warzone_Equipment,equipment,Category:Call of Duty: Warzone Equipment | Call of Duty Wiki | Fandom,https://static.wikia.nocookie.net/callofduty/images/e/e8/Ambushing_enemy_ship_crew_members_Crew_Expendable_CoD4.png/revision/latest/smart/width/40/height/30?cb=20120118084123
,False,,False,equipment_icon,False,ghillie_suit,candidate_b9595f06f14b,high,Ghillie Suit,downloaded,False,False,True,Source image fetched from Call of Duty Wiki (Fandom); publisher should verify reuse rights before external distribution.,False,False,/Users/tj/Documents/Codex/2026-04-21-https-github-com-iambehn-claude-repo/assets/games/call_of_duty/drafts/onboarding/20260505T213409Z/masters/equipment/ghillie_suit-06f14b.png,ghillie_suit,,False,False,False,"[""category member image"", ""icon-like label""]",0.8,Ghillie Suit,[],Category,category_member_image,https://callofduty.fandom.com/wiki/Category:Call_of_Duty:_Warzone_Equipment,equipment,Category:Call of Duty: Warzone Equipment | Call of Duty Wiki | Fandom,https://static.wikia.nocookie.net/callofduty/images/a/a9/Ghillie_Suit_sniper_Creek_COD4.png/revision/latest/smart/width/40/height/30?cb=20130526185335
,False,,False,equipment_icon,False,gulag_entry_token,candidate_f1feedb8070f,high,Gulag Entry Token,downloaded,False,False,True,Source image fetched from Call of Duty Wiki (Fandom); publisher should verify reuse rights before external distribution.,False,False,/Users/tj/Documents/Codex/2026-04-21-https-github-com-iambehn-claude-repo/assets/games/call_of_duty/drafts/onboarding/20260505T213409Z/masters/equipment/gulag_entry_token-b8070f.png,gulag_entry_token,,False,False,False,"[""category member image"", ""icon-like label""]",0.8,Gulag Entry Token,[],Category,category_member_image,https://callofduty.fandom.com/wiki/Category:Call_of_Duty:_Warzone_Equipment,equipment,Category:Call of Duty: Warzone Equipment | Call of Duty Wiki | Fandom,https://static.wikia.nocookie.net/callofduty/images/6/68/Gulag_Icon_SeasonThree_BO6_WZ2.png/revision/latest/smart/width/40/height/30?cb=20250428040230
,False,,False,equipment_icon,False,parachute,candidate_6dea10d230c8,high,Parachute,downloaded,False,False,True,Source image fetched from Call of Duty Wiki (Fandom); publisher should verify reuse rights before external distribution.,False,False,/Users/tj/Documents/Codex/2026-04-21-https-github-com-iambehn-claude-repo/assets/games/call_of_duty/drafts/onboarding/20260505T213409Z/masters/equipment/parachute-d230c8.png,parachute,,False,False,False,"[""category member image"", ""icon-like label""]",0.8,Parachute,[],Category,category_member_image,https://callofduty.fandom.com/wiki/Category:Call_of_Duty:_Warzone_Equipment,equipment,Category:Call of Duty: Warzone Equipment | Call of Duty Wiki | Fandom,https://static.wikia.nocookie.net/callofduty/images/c/c0/Spawn_Pathfinder_CoD1.png/revision/latest/smart/width/40/height/30?cb=20120120154926
,False,,False,equipment_icon,False,propane_tank,candidate_b2010bc46308,high,Propane Tank,downloaded,False,False,True,Source image fetched from Call of Duty Wiki (Fandom); publisher should verify reuse rights before external distribution.,False,False,/Users/tj/Documents/Codex/2026-04-21-https-github-com-iambehn-claude-repo/assets/games/call_of_duty/drafts/onboarding/20260505T213409Z/masters/equipment/propane_tank-c46308.png,propane_tank,,False,False,False,"[""category member image"", ""icon-like label""]",0.8,Propane Tank,[],Category,category_member_image,https://callofduty.fandom.com/wiki/Category:Call_of_Duty:_Warzone_Equipment,equipment,Category:Call of Duty: Warzone Equipment | Call of Duty Wiki | Fandom,https://static.wikia.nocookie.net/callofduty/images/8/86/Propane_Tank_CoDG.png/revision/latest/smart/width/40/height/30?cb=20131030171804
,False,,False,equipment_icon,False,redeploy_extraction_token,candidate_e59b8bdad36b,high,Redeploy Extraction Token,downloaded,False,False,True,Source image fetched from Call of Duty Wiki (Fandom); publisher should verify reuse rights before external distribution.,False,False,/Users/tj/Documents/Codex/2026-04-21-https-github-com-iambehn-claude-repo/assets/games/call_of_duty/drafts/onboarding/20260505T213409Z/masters/equipment/redeploy_extraction_token-dad36b.png,redeploy_extraction_token,,False,False,False,"[""category member image"", ""icon-like label""]",0.8,Redeploy Extraction Token,[],Category,category_member_image,https://callofduty.fandom.com/wiki/Category:Call_of_Duty:_Warzone_Equipment,equipment,Category:Call of Duty: Warzone Equipment | Call of Duty Wiki | Fandom,https://static.wikia.nocookie.net/callofduty/images/f/fb/RedeployExtractionToken_Icon_WZ.png/revision/latest/smart/width/40/height/30?cb=20250610041024
,False,,False,equipment_icon,False,self_revive,candidate_499818b4a34c,high,Self Revive,downloaded,False,False,True,Source image fetched from Call of Duty Wiki (Fandom); publisher should verify reuse rights before external distribution.,False,False,/Users/tj/Documents/Codex/2026-04-21-https-github-com-iambehn-claude-repo/assets/games/call_of_duty/drafts/onboarding/20260505T213409Z/masters/equipment/self_revive-b4a34c.png,self_revive,,False,False,False,"[""category member image"", ""icon-like label""]",0.8,Self Revive,[],Category,category_member_image,https://callofduty.fandom.com/wiki/Category:Call_of_Duty:_Warzone_Equipment,equipment,Category:Call of Duty: Warzone Equipment | Call of Duty Wiki | Fandom,https://static.wikia.nocookie.net/callofduty/images/7/7b/Last_stand_mw3.png/revision/latest/smart/width/40/height/30?cb=20120218131536
,False,,False,equipment_icon,False,speed_boost,candidate_e2721c04f192,high,Speed Boost,downloaded,False,False,True,Source image fetched from Call of Duty Wiki (Fandom); publisher should verify reuse rights before external distribution.,False,False,/Users/tj/Documents/Codex/2026-04-21-https-github-com-iambehn-claude-repo/assets/games/call_of_duty/drafts/onboarding/20260505T213409Z/masters/equipment/speed_boost-04f192.png,speed_boost,,False,False,False,"[""category member image"", ""icon-like label""]",0.8,Speed Boost,[],Category,category_member_image,https://callofduty.fandom.com/wiki/Category:Call_of_Duty:_Warzone_Equipment,equipment,Category:Call of Duty: Warzone Equipment | Call of Duty Wiki | Fandom,https://static.wikia.nocookie.net/callofduty/images/2/25/LightningBolt_BOCW.png/revision/latest/smart/width/40/height/30?cb=20241002180336
