asset_id,game_id,entity_id,asset_family,display_name,source_url,source_page_url,source_role,source_title,draft_local_path,template_path,mask_path,roi_ref,match_method,threshold,scale_set,temporal_window,license_note,qa_status
call_of_duty.character_or_operator.alex_keller.9268ea5c,call_of_duty,call_of_duty.alex_keller,hero_portrait,Alex Keller,https://static.wikia.nocookie.net/callofduty/images/0/0d/Alex_Keller_Infobox_MWIII.png/revision/latest/smart/width/40/height/30?cb=20240112154753,https://callofduty.fandom.com/wiki/Category:Call_of_Duty:_Warzone_Operators,operators,Category:Call of Duty: Warzone Operators | Call of Duty Wiki | Fandom,,,,hud.hero_portrait,TM_CCOEFF_NORMED,0.88,"[0.75, 1.0, 1.25]",2,internal_review_required,needs_manual_crop
call_of_duty.character_or_operator.alexia_alice_valenzuela.d392e21d,call_of_duty,call_of_duty.alexia_alice_valenzuela,hero_portrait,"Alexia ""Alice"" Valenzuela",https://static.wikia.nocookie.net/callofduty/images/3/36/Alice_Operator_Default_MW.png/revision/latest/smart/width/40/height/30?cb=20240222163515,https://callofduty.fandom.com/wiki/Category:Call_of_Duty:_Warzone_Operators,operators,Category:Call of Duty: Warzone Operators | Call of Duty Wiki | Fandom,,,,hud.hero_portrait,TM_CCOEFF_NORMED,0.88,"[0.75, 1.0, 1.25]",2,internal_review_required,needs_manual_crop
call_of_duty.character_or_operator.anna_drake.2ea00a84,call_of_duty,call_of_duty.anna_drake,hero_portrait,Anna Drake,https://static.wikia.nocookie.net/callofduty/images/6/6c/Anna_Operator_Default_CODV.png/revision/latest/smart/width/40/height/30?cb=20240223135855,https://callofduty.fandom.com/wiki/Category:Call_of_Duty:_Warzone_Operators,operators,Category:Call of Duty: Warzone Operators | Call of Duty Wiki | Fandom,,,,hud.hero_portrait,TM_CCOEFF_NORMED,0.88,"[0.75, 1.0, 1.25]",2,internal_review_required,needs_manual_crop
call_of_duty.character_or_operator.arthur_kingsley.f86d40bd,call_of_duty,call_of_duty.arthur_kingsley,hero_portrait,Arthur Kingsley,https://static.wikia.nocookie.net/callofduty/images/0/02/Arthur_Kingsley_Captured_CODV.jpg/revision/latest/smart/width/40/height/30?cb=20220818034220,https://callofduty.fandom.com/wiki/Category:Call_of_Duty:_Warzone_Operators,operators,Category:Call of Duty: Warzone Operators | Call of Duty Wiki | Fandom,,,,hud.hero_portrait,TM_CCOEFF_NORMED,0.88,"[0.75, 1.0, 1.25]",2,internal_review_required,needs_manual_crop
call_of_duty.character_or_operator.azur_el.f8c0850b,call_of_duty,call_of_duty.azur_el,hero_portrait,Azur El,https://static.wikia.nocookie.net/callofduty/images/9/95/Azur_Operator_Default_MW.png/revision/latest/smart/width/40/height/30?cb=20240222163337,https://callofduty.fandom.com/wiki/Category:Call_of_Duty:_Warzone_Operators,operators,Category:Call of Duty: Warzone Operators | Call of Duty Wiki | Fandom,,,,hud.hero_portrait,TM_CCOEFF_NORMED,0.88,"[0.75, 1.0, 1.25]",2,internal_review_required,needs_manual_crop
call_of_duty.character_or_operator.beatrice_mercier.77ddc329,call_of_duty,call_of_duty.beatrice_mercier,hero_portrait,Beatrice Mercier,https://static.wikia.nocookie.net/callofduty/images/a/a8/Beatrice_Operator_Default_CODV.png/revision/latest/smart/width/40/height/30?cb=20240223141334,https://callofduty.fandom.com/wiki/Category:Call_of_Duty:_Warzone_Operators,operators,Category:Call of Duty: Warzone Operators | Call of Duty Wiki | Fandom,,,,hud.hero_portrait,TM_CCOEFF_NORMED,0.88,"[0.75, 1.0, 1.25]",2,internal_review_required,needs_manual_crop
call_of_duty.character_or_operator.benito_fuze_ortega.59bb254e,call_of_duty,call_of_duty.benito_fuze_ortega,hero_portrait,"Benito ""Fuze"" Ortega",https://static.wikia.nocookie.net/callofduty/images/b/be/Fuze_Operator_Default_BOCW.png/revision/latest/smart/width/40/height/30?cb=20240223121533,https://callofduty.fandom.com/wiki/Category:Call_of_Duty:_Warzone_Operators,operators,Category:Call of Duty: Warzone Operators | Call of Duty Wiki | Fandom,,,,hud.hero_portrait,TM_CCOEFF_NORMED,0.88,"[0.75, 1.0, 1.25]",2,internal_review_required,needs_manual_crop
call_of_duty.character_or_operator.benjamin_otter_lee.721489aa,call_of_duty,call_of_duty.benjamin_otter_lee,hero_portrait,"Benjamin ""Otter"" Lee",https://static.wikia.nocookie.net/callofduty/images/7/74/Otter_Operator_Default_MW.png/revision/latest/smart/width/40/height/30?cb=20240222163757,https://callofduty.fandom.com/wiki/Category:Call_of_Duty:_Warzone_Operators,operators,Category:Call of Duty: Warzone Operators | Call of Duty Wiki | Fandom,,,,hud.hero_portrait,TM_CCOEFF_NORMED,0.88,"[0.75, 1.0, 1.25]",2,internal_review_required,needs_manual_crop
call_of_duty.character_or_operator.callum_hendry.c9903fbb,call_of_duty,call_of_duty.callum_hendry,hero_portrait,Callum Hendry,https://static.wikia.nocookie.net/callofduty/images/c/c9/Callum_Operator_Default_CODV.png/revision/latest/smart/width/40/height/30?cb=20240223141112,https://callofduty.fandom.com/wiki/Category:Call_of_Duty:_Warzone_Operators,operators,Category:Call of Duty: Warzone Operators | Call of Duty Wiki | Fandom,,,,hud.hero_portrait,TM_CCOEFF_NORMED,0.88,"[0.75, 1.0, 1.25]",2,internal_review_required,needs_manual_crop
call_of_duty.character_or_operator.carver_butcher.0f970cca,call_of_duty,call_of_duty.carver_butcher,hero_portrait,Carver Butcher,https://static.wikia.nocookie.net/callofduty/images/5/5c/Carver_Butcher_1984_Profile.png/revision/latest/smart/width/40/height/30?cb=20211214123255,https://callofduty.fandom.com/wiki/Category:Call_of_Duty:_Warzone_Operators,operators,Category:Call of Duty: Warzone Operators | Call of Duty Wiki | Fandom,,,,hud.hero_portrait,TM_CCOEFF_NORMED,0.88,"[0.75, 1.0, 1.25]",2,internal_review_required,needs_manual_crop
call_of_duty.character_or_operator.charlotte_charly_johnstone.7147d75d,call_of_duty,call_of_duty.charlotte_charly_johnstone,hero_portrait,"Charlotte ""Charly"" Johnstone",https://static.wikia.nocookie.net/callofduty/images/0/0d/Charly_Operator_Default_MW.png/revision/latest/smart/width/40/height/30?cb=20240222163829,https://callofduty.fandom.com/wiki/Category:Call_of_Duty:_Warzone_Operators,operators,Category:Call of Duty: Warzone Operators | Call of Duty Wiki | Fandom,,,,hud.hero_portrait,TM_CCOEFF_NORMED,0.88,"[0.75, 1.0, 1.25]",2,internal_review_required,needs_manual_crop
call_of_duty.character_or_operator.colton_stryker_greenfield.3fcca46a,call_of_duty,call_of_duty.colton_stryker_greenfield,hero_portrait,"Colton ""Stryker"" Greenfield",https://static.wikia.nocookie.net/callofduty/images/9/90/Stryker_Operator_Default_BOCW.png/revision/latest/smart/width/40/height/30?cb=20240223121701,https://callofduty.fandom.com/wiki/Category:Call_of_Duty:_Warzone_Operators,operators,Category:Call of Duty: Warzone Operators | Call of Duty Wiki | Fandom,,,,hud.hero_portrait,TM_CCOEFF_NORMED,0.88,"[0.75, 1.0, 1.25]",2,internal_review_required,needs_manual_crop
call_of_duty.character_or_operator.competitor.c38767bb,call_of_duty,call_of_duty.competitor,hero_portrait,Competitor,https://static.wikia.nocookie.net/callofduty/images/9/92/Competitor_NATO_Infobox_BOCW.png/revision/latest/smart/width/40/height/30?cb=20241117052345,https://callofduty.fandom.com/wiki/Category:Call_of_Duty:_Warzone_Operators,operators,Category:Call of Duty: Warzone Operators | Call of Duty Wiki | Fandom,,,,hud.hero_portrait,TM_CCOEFF_NORMED,0.88,"[0.75, 1.0, 1.25]",2,internal_review_required,needs_manual_crop
call_of_duty.character_or_operator.constanze_muller.b94047cb,call_of_duty,call_of_duty.constanze_muller,hero_portrait,Constanze Muller,https://static.wikia.nocookie.net/callofduty/images/c/ca/Constanze_Operator_Default_CODV.png/revision/latest/smart/width/40/height/30?cb=20240223141405,https://callofduty.fandom.com/wiki/Category:Call_of_Duty:_Warzone_Operators,operators,Category:Call of Duty: Warzone Operators | Call of Duty Wiki | Fandom,,,,hud.hero_portrait,TM_CCOEFF_NORMED,0.88,"[0.75, 1.0, 1.25]",2,internal_review_required,needs_manual_crop
call_of_duty.character_or_operator.damian_raines.c5a1baed,call_of_duty,call_of_duty.damian_raines,hero_portrait,Damian Raines,https://static.wikia.nocookie.net/callofduty/images/0/04/Raines_Operator_Default_MW.png/revision/latest/smart/width/40/height/30?cb=20240222163500,https://callofduty.fandom.com/wiki/Category:Call_of_Duty:_Warzone_Operators,operators,Category:Call of Duty: Warzone Operators | Call of Duty Wiki | Fandom,,,,hud.hero_portrait,TM_CCOEFF_NORMED,0.88,"[0.75, 1.0, 1.25]",2,internal_review_required,needs_manual_crop
call_of_duty.character_or_operator.daniel_ronin_shinoda.0ae853d5,call_of_duty,call_of_duty.daniel_ronin_shinoda,hero_portrait,"Daniel ""Ronin"" Shinoda",https://static.wikia.nocookie.net/callofduty/images/b/ba/Ronin_Operator_Default_MWII.png/revision/latest/smart/width/40/height/30?cb=20240512090400,https://callofduty.fandom.com/wiki/Category:Call_of_Duty:_Warzone_Operators,operators,Category:Call of Duty: Warzone Operators | Call of Duty Wiki | Fandom,,,,hud.hero_portrait,TM_CCOEFF_NORMED,0.88,"[0.75, 1.0, 1.25]",2,internal_review_required,needs_manual_crop
call_of_duty.character_or_operator.daniel_yatsu.132e91b3,call_of_duty,call_of_duty.daniel_yatsu,hero_portrait,Daniel Yatsu,https://static.wikia.nocookie.net/callofduty/images/4/4d/Daniel_Operator_Default_CODV.png/revision/latest/smart/width/40/height/30?cb=20240223141219,https://callofduty.fandom.com/wiki/Category:Call_of_Duty:_Warzone_Operators,operators,Category:Call of Duty: Warzone Operators | Call of Duty Wiki | Fandom,,,,hud.hero_portrait,TM_CCOEFF_NORMED,0.88,"[0.75, 1.0, 1.25]",2,internal_review_required,needs_manual_crop
call_of_duty.character_or_operator.dmitry_bale.7beefd74,call_of_duty,call_of_duty.dmitry_bale,hero_portrait,Dmitry Bale,https://static.wikia.nocookie.net/callofduty/images/e/ee/Bale_Operator_Default_MW.png/revision/latest/smart/width/40/height/30?cb=20240222163417,https://callofduty.fandom.com/wiki/Category:Call_of_Duty:_Warzone_Operators,operators,Category:Call of Duty: Warzone Operators | Call of Duty Wiki | Fandom,,,,hud.hero_portrait,TM_CCOEFF_NORMED,0.88,"[0.75, 1.0, 1.25]",2,internal_review_required,needs_manual_crop
call_of_duty.character_or_operator.dominique_domino_tam.21aec89f,call_of_duty,call_of_duty.dominique_domino_tam,hero_portrait,"Dominique ""Domino"" Tam",https://static.wikia.nocookie.net/callofduty/images/6/65/Domino_Operator_Default_MW.png/revision/latest/smart/width/40/height/30?cb=20240222163713,https://callofduty.fandom.com/wiki/Category:Call_of_Duty:_Warzone_Operators,operators,Category:Call of Duty: Warzone Operators | Call of Duty Wiki | Fandom,,,,hud.hero_portrait,TM_CCOEFF_NORMED,0.88,"[0.75, 1.0, 1.25]",2,internal_review_required,needs_manual_crop
call_of_duty.character_or_operator.eleazar_lazar_azoulay.3287d93c,call_of_duty,call_of_duty.eleazar_lazar_azoulay,hero_portrait,"Eleazar ""Lazar"" Azoulay",https://static.wikia.nocookie.net/callofduty/images/b/bb/Lazar_Infobox_BOCW.jpg/revision/latest/smart/width/40/height/30?cb=20240705143500,https://callofduty.fandom.com/wiki/Category:Call_of_Duty:_Warzone_Operators,operators,Category:Call of Duty: Warzone Operators | Call of Duty Wiki | Fandom,,,,hud.hero_portrait,TM_CCOEFF_NORMED,0.88,"[0.75, 1.0, 1.25]",2,internal_review_required,needs_manual_crop
call_of_duty.character_or_operator.farah_karim.b9135802,call_of_duty,call_of_duty.farah_karim,hero_portrait,Farah Karim,https://static.wikia.nocookie.net/callofduty/images/5/5d/FarahKarim_Infobox_MWIII.png/revision/latest/smart/width/40/height/30?cb=20240112035806,https://callofduty.fandom.com/wiki/Category:Call_of_Duty:_Warzone_Operators,operators,Category:Call of Duty: Warzone Operators | Call of Duty Wiki | Fandom,,,,hud.hero_portrait,TM_CCOEFF_NORMED,0.88,"[0.75, 1.0, 1.25]",2,internal_review_required,needs_manual_crop
call_of_duty.character_or_operator.florence_carter.914960e3,call_of_duty,call_of_duty.florence_carter,hero_portrait,Florence Carter,https://static.wikia.nocookie.net/callofduty/images/c/c6/Florence_Operator_Default_CODV.png/revision/latest/smart/width/40/height/30?cb=20240223140006,https://callofduty.fandom.com/wiki/Category:Call_of_Duty:_Warzone_Operators,operators,Category:Call of Duty: Warzone Operators | Call of Duty Wiki | Fandom,,,,hud.hero_portrait,TM_CCOEFF_NORMED,0.88,"[0.75, 1.0, 1.25]",2,internal_review_required,needs_manual_crop
call_of_duty.character_or_operator.francis_kai_lanakila.8e84ce4f,call_of_duty,call_of_duty.francis_kai_lanakila,hero_portrait,"Francis ""Kai"" Lanakila",https://static.wikia.nocookie.net/callofduty/images/9/99/Francis_Operator_Default_CODV.png/revision/latest/smart/width/40/height/30?cb=20240223141148,https://callofduty.fandom.com/wiki/Category:Call_of_Duty:_Warzone_Operators,operators,Category:Call of Duty: Warzone Operators | Call of Duty Wiki | Fandom,,,,hud.hero_portrait,TM_CCOEFF_NORMED,0.88,"[0.75, 1.0, 1.25]",2,internal_review_required,needs_manual_crop
call_of_duty.character_or_operator.frank_woods.a9d0c1fd,call_of_duty,call_of_duty.frank_woods,hero_portrait,Frank Woods,https://static.wikia.nocookie.net/callofduty/images/d/d6/Frank_Woods_Infobox_2025_BOII.png/revision/latest/smart/width/40/height/30?cb=20231213142846,https://callofduty.fandom.com/wiki/Category:Call_of_Duty:_Warzone_Operators,operators,Category:Call of Duty: Warzone Operators | Call of Duty Wiki | Fandom,,,,hud.hero_portrait,TM_CCOEFF_NORMED,0.88,"[0.75, 1.0, 1.25]",2,internal_review_required,needs_manual_crop
call_of_duty.character_or_operator.freya_wraith_helvig.97c07a06,call_of_duty,call_of_duty.freya_wraith_helvig,hero_portrait,"Freya ""Wraith"" Helvig",https://static.wikia.nocookie.net/callofduty/images/1/17/Wraith_Operator_Default_BOCW.png/revision/latest/smart/width/40/height/30?cb=20240223121604,https://callofduty.fandom.com/wiki/Category:Call_of_Duty:_Warzone_Operators,operators,Category:Call of Duty: Warzone Operators | Call of Duty Wiki | Fandom,,,,hud.hero_portrait,TM_CCOEFF_NORMED,0.88,"[0.75, 1.0, 1.25]",2,internal_review_required,needs_manual_crop
call_of_duty.character_or_operator.ghostface.5638c403,call_of_duty,call_of_duty.ghostface,hero_portrait,Ghostface,https://static.wikia.nocookie.net/callofduty/images/1/1f/Ghostface_Operator_Default_BOCW.png/revision/latest/smart/width/40/height/30?cb=20240223121546,https://callofduty.fandom.com/wiki/Category:Call_of_Duty:_Warzone_Operators,operators,Category:Call of Duty: Warzone Operators | Call of Duty Wiki | Fandom,,,,hud.hero_portrait,TM_CCOEFF_NORMED,0.88,"[0.75, 1.0, 1.25]",2,internal_review_required,needs_manual_crop
call_of_duty.character_or_operator.grigori_weaver.f10b2383,call_of_duty,call_of_duty.grigori_weaver,hero_portrait,Grigori Weaver,https://static.wikia.nocookie.net/callofduty/images/3/3d/Weaver_Soul_Drained_Ashes_of_the_Damned_Zombies_BO7.png/revision/latest/smart/width/40/height/30?cb=20250917080141,https://callofduty.fandom.com/wiki/Category:Call_of_Duty:_Warzone_Operators,operators,Category:Call of Duty: Warzone Operators | Call of Duty Wiki | Fandom,,,,hud.hero_portrait,TM_CCOEFF_NORMED,0.88,"[0.75, 1.0, 1.25]",2,internal_review_required,needs_manual_crop
call_of_duty.character_or_operator.grinch_operator.624c4549,call_of_duty,call_of_duty.grinch_operator,hero_portrait,Grinch (operator),https://static.wikia.nocookie.net/callofduty/images/e/e0/Grinch_Operator_Default_MW.png/revision/latest/smart/width/40/height/30?cb=20240222163321,https://callofduty.fandom.com/wiki/Category:Call_of_Duty:_Warzone_Operators,operators,Category:Call of Duty: Warzone Operators | Call of Duty Wiki | Fandom,,,,hud.hero_portrait,TM_CCOEFF_NORMED,0.88,"[0.75, 1.0, 1.25]",2,internal_review_required,needs_manual_crop
call_of_duty.character_or_operator.gustavo_dos_santos.3d05183f,call_of_duty,call_of_duty.gustavo_dos_santos,hero_portrait,Gustavo dos Santos,https://static.wikia.nocookie.net/callofduty/images/5/58/Gustavo_Operator_Default_CODV.png/revision/latest/smart/width/40/height/30?cb=20240223135925,https://callofduty.fandom.com/wiki/Category:Call_of_Duty:_Warzone_Operators,operators,Category:Call of Duty: Warzone Operators | Call of Duty Wiki | Fandom,,,,hud.hero_portrait,TM_CCOEFF_NORMED,0.88,"[0.75, 1.0, 1.25]",2,internal_review_required,needs_manual_crop
call_of_duty.character_or_operator.halima_zambardi.0fe2b639,call_of_duty,call_of_duty.halima_zambardi,hero_portrait,Halima Zambardi,https://static.wikia.nocookie.net/callofduty/images/2/24/Halima_Operator_Default_CODV.png/revision/latest/smart/width/40/height/30?cb=20240223141236,https://callofduty.fandom.com/wiki/Category:Call_of_Duty:_Warzone_Operators,operators,Category:Call of Duty: Warzone Operators | Call of Duty Wiki | Fandom,,,,hud.hero_portrait,TM_CCOEFF_NORMED,0.88,"[0.75, 1.0, 1.25]",2,internal_review_required,needs_manual_crop
call_of_duty.character_or_operator.hans_golem_blaustein.91463dc0,call_of_duty,call_of_duty.hans_golem_blaustein,hero_portrait,"Hans ""Golem"" Blaustein",https://static.wikia.nocookie.net/callofduty/images/c/c0/Golem_Operator_Default_MW.png/revision/latest/smart/width/40/height/30?cb=20240222163657,https://callofduty.fandom.com/wiki/Category:Call_of_Duty:_Warzone_Operators,operators,Category:Call of Duty: Warzone Operators | Call of Duty Wiki | Fandom,,,,hud.hero_portrait,TM_CCOEFF_NORMED,0.88,"[0.75, 1.0, 1.25]",2,internal_review_required,needs_manual_crop
call_of_duty.character_or_operator.harry_stone.55f0a1f7,call_of_duty,call_of_duty.harry_stone,hero_portrait,Harry Stone,https://static.wikia.nocookie.net/callofduty/images/c/ca/Stone_Operator_Default_BO6.png/revision/latest/smart/width/40/height/30?cb=20250530131129,https://callofduty.fandom.com/wiki/Category:Call_of_Duty:_Warzone_Operators,operators,Category:Call of Duty: Warzone Operators | Call of Duty Wiki | Fandom,,,,hud.hero_portrait,TM_CCOEFF_NORMED,0.88,"[0.75, 1.0, 1.25]",2,internal_review_required,needs_manual_crop
call_of_duty.character_or_operator.he_seraph_zhen.9a7a7b29,call_of_duty,call_of_duty.he_seraph_zhen,hero_portrait,"He ""Seraph"" Zhen",https://static.wikia.nocookie.net/callofduty/images/1/14/Seraph_menu_icon_BO3.png/revision/latest/smart/width/40/height/30?cb=20160205173627,https://callofduty.fandom.com/wiki/Category:Call_of_Duty:_Warzone_Operators,operators,Category:Call of Duty: Warzone Operators | Call of Duty Wiki | Fandom,,,,hud.hero_portrait,TM_CCOEFF_NORMED,0.88,"[0.75, 1.0, 1.25]",2,internal_review_required,needs_manual_crop
call_of_duty.character_or_operator.helen_park.d938d47c,call_of_duty,call_of_duty.helen_park,hero_portrait,Helen Park,https://static.wikia.nocookie.net/callofduty/images/a/a9/HelenPark_BO6.png/revision/latest/smart/width/40/height/30?cb=20241101032709,https://callofduty.fandom.com/wiki/Category:Call_of_Duty:_Warzone_Operators,operators,Category:Call of Duty: Warzone Operators | Call of Duty Wiki | Fandom,,,,hud.hero_portrait,TM_CCOEFF_NORMED,0.88,"[0.75, 1.0, 1.25]",2,internal_review_required,needs_manual_crop
call_of_duty.character_or_operator.ikenna_olowe.52db346c,call_of_duty,call_of_duty.ikenna_olowe,hero_portrait,Ikenna Olowe,https://static.wikia.nocookie.net/callofduty/images/4/45/Ikenna_Operator_Default_CODV.png/revision/latest/smart/width/40/height/30?cb=20240223141124,https://callofduty.fandom.com/wiki/Category:Call_of_Duty:_Warzone_Operators,operators,Category:Call of Duty: Warzone Operators | Call of Duty Wiki | Fandom,,,,hud.hero_portrait,TM_CCOEFF_NORMED,0.88,"[0.75, 1.0, 1.25]",2,internal_review_required,needs_manual_crop
call_of_duty.character_or_operator.ingo_beck.ff7f7b8a,call_of_duty,call_of_duty.ingo_beck,hero_portrait,Ingo Beck,https://static.wikia.nocookie.net/callofduty/images/d/d4/Beck_Operator_Default_BOCW.png/revision/latest/smart/width/40/height/30?cb=20240223121650,https://callofduty.fandom.com/wiki/Category:Call_of_Duty:_Warzone_Operators,operators,Category:Call of Duty: Warzone Operators | Call of Duty Wiki | Fandom,,,,hud.hero_portrait,TM_CCOEFF_NORMED,0.88,"[0.75, 1.0, 1.25]",2,internal_review_required,needs_manual_crop
call_of_duty.character_or_operator.isabella_reyes.032fdcb4,call_of_duty,call_of_duty.isabella_reyes,hero_portrait,Isabella Reyes,https://static.wikia.nocookie.net/callofduty/images/f/f9/Isabella_Operator_Default_CODV.png/revision/latest/smart/width/40/height/30?cb=20240223141204,https://callofduty.fandom.com/wiki/Category:Call_of_Duty:_Warzone_Operators,operators,Category:Call of Duty: Warzone Operators | Call of Duty Wiki | Fandom,,,,hud.hero_portrait,TM_CCOEFF_NORMED,0.88,"[0.75, 1.0, 1.25]",2,internal_review_required,needs_manual_crop
call_of_duty.character_or_operator.iskra.6863f933,call_of_duty,call_of_duty.iskra,hero_portrait,Iskra,https://static.wikia.nocookie.net/callofduty/images/5/52/Iskra_Operator_Default_MW.png/revision/latest/smart/width/40/height/30?cb=20240222163249,https://callofduty.fandom.com/wiki/Category:Call_of_Duty:_Warzone_Operators,operators,Category:Call of Duty: Warzone Operators | Call of Duty Wiki | Fandom,,,,hud.hero_portrait,TM_CCOEFF_NORMED,0.88,"[0.75, 1.0, 1.25]",2,internal_review_required,needs_manual_crop
call_of_duty.character_or_operator.jabari_salah.bca778d7,call_of_duty,call_of_duty.jabari_salah,hero_portrait,Jabari Salah,https://static.wikia.nocookie.net/callofduty/images/f/fd/Salah_Operator_Default_BOCW.png/revision/latest/smart/width/40/height/30?cb=20240223121713,https://callofduty.fandom.com/wiki/Category:Call_of_Duty:_Warzone_Operators,operators,Category:Call of Duty: Warzone Operators | Call of Duty Wiki | Fandom,,,,hud.hero_portrait,TM_CCOEFF_NORMED,0.88,"[0.75, 1.0, 1.25]",2,internal_review_required,needs_manual_crop
call_of_duty.character_or_operator.jackson_wyatt.6cb3cf8f,call_of_duty,call_of_duty.jackson_wyatt,hero_portrait,Jackson Wyatt,https://static.wikia.nocookie.net/callofduty/images/b/b6/Wyatt_Operator_Default_MW.png/revision/latest/smart/width/40/height/30?cb=20240222163627,https://callofduty.fandom.com/wiki/Category:Call_of_Duty:_Warzone_Operators,operators,Category:Call of Duty: Warzone Operators | Call of Duty Wiki | Fandom,,,,hud.hero_portrait,TM_CCOEFF_NORMED,0.88,"[0.75, 1.0, 1.25]",2,internal_review_required,needs_manual_crop
call_of_duty.character_or_operator.jacob_thorne.ba28d1f3,call_of_duty,call_of_duty.jacob_thorne,hero_portrait,Jacob Thorne,https://static.wikia.nocookie.net/callofduty/images/c/cd/Thorne_Operator_Default_MW.png/revision/latest/smart/width/40/height/30?cb=20240222163813,https://callofduty.fandom.com/wiki/Category:Call_of_Duty:_Warzone_Operators,operators,Category:Call of Duty: Warzone Operators | Call of Duty Wiki | Fandom,,,,hud.hero_portrait,TM_CCOEFF_NORMED,0.88,"[0.75, 1.0, 1.25]",2,internal_review_required,needs_manual_crop
call_of_duty.character_or_operator.jada_powers.84f14f90,call_of_duty,call_of_duty.jada_powers,hero_portrait,Jada Powers,https://static.wikia.nocookie.net/callofduty/images/0/05/Powers_Operator_Default_BOCW.png/revision/latest/smart/width/40/height/30?cb=20240223121654,https://callofduty.fandom.com/wiki/Category:Call_of_Duty:_Warzone_Operators,operators,Category:Call of Duty: Warzone Operators | Call of Duty Wiki | Fandom,,,,hud.hero_portrait,TM_CCOEFF_NORMED,0.88,"[0.75, 1.0, 1.25]",2,internal_review_required,needs_manual_crop
call_of_duty.character_or_operator.jason_hudson.1453e117,call_of_duty,call_of_duty.jason_hudson,hero_portrait,Jason Hudson,https://static.wikia.nocookie.net/callofduty/images/9/9c/JasonHudson_RevealTrailer_BOCW.png/revision/latest/smart/width/40/height/30?cb=20200826203728,https://callofduty.fandom.com/wiki/Category:Call_of_Duty:_Warzone_Operators,operators,Category:Call of Duty: Warzone Operators | Call of Duty Wiki | Fandom,,,,hud.hero_portrait,TM_CCOEFF_NORMED,0.88,"[0.75, 1.0, 1.25]",2,internal_review_required,needs_manual_crop
call_of_duty.character_or_operator.jason_hunter.02f36b99,call_of_duty,call_of_duty.jason_hunter,hero_portrait,Jason Hunter,https://static.wikia.nocookie.net/callofduty/images/a/a8/Hunter_Operator_Default_BOCW.png/revision/latest/smart/width/40/height/30?cb=20240223121833,https://callofduty.fandom.com/wiki/Category:Call_of_Duty:_Warzone_Operators,operators,Category:Call of Duty: Warzone Operators | Call of Duty Wiki | Fandom,,,,hud.hero_portrait,TM_CCOEFF_NORMED,0.88,"[0.75, 1.0, 1.25]",2,internal_review_required,needs_manual_crop
call_of_duty.character_or_operator.john_baker.3d7165ce,call_of_duty,call_of_duty.john_baker,hero_portrait,John Baker,https://static.wikia.nocookie.net/callofduty/images/f/f2/Baker_Operator_Default_BOCW.png/revision/latest/smart/width/40/height/30?cb=20240223121830,https://callofduty.fandom.com/wiki/Category:Call_of_Duty:_Warzone_Operators,operators,Category:Call of Duty: Warzone Operators | Call of Duty Wiki | Fandom,,,,hud.hero_portrait,TM_CCOEFF_NORMED,0.88,"[0.75, 1.0, 1.25]",2,internal_review_required,needs_manual_crop
call_of_duty.character_or_operator.john_mcclane.f856258e,call_of_duty,call_of_duty.john_mcclane,hero_portrait,John McClane,https://static.wikia.nocookie.net/callofduty/images/6/61/McClane_Operator_Default_BOCW.png/revision/latest/smart/width/40/height/30?cb=20240223121729,https://callofduty.fandom.com/wiki/Category:Call_of_Duty:_Warzone_Operators,operators,Category:Call of Duty: Warzone Operators | Call of Duty Wiki | Fandom,,,,hud.hero_portrait,TM_CCOEFF_NORMED,0.88,"[0.75, 1.0, 1.25]",2,internal_review_required,needs_manual_crop
call_of_duty.character_or_operator.john_price_reboot.75149e6f,call_of_duty,call_of_duty.john_price_reboot,hero_portrait,John Price (Reboot),https://static.wikia.nocookie.net/callofduty/images/e/e4/JohnPrice_Infobox_MWIII.png/revision/latest/smart/width/40/height/30?cb=20240112040220,https://callofduty.fandom.com/wiki/Category:Call_of_Duty:_Warzone_Operators,operators,Category:Call of Duty: Warzone Operators | Call of Duty Wiki | Fandom,,,,hud.hero_portrait,TM_CCOEFF_NORMED,0.88,"[0.75, 1.0, 1.25]",2,internal_review_required,needs_manual_crop
call_of_duty.character_or_operator.john_rambo.6ed85c04,call_of_duty,call_of_duty.john_rambo,hero_portrait,John Rambo,https://static.wikia.nocookie.net/callofduty/images/d/d6/Rambo_Operator_Default_BOCW.png/revision/latest/smart/width/40/height/30?cb=20240223121728,https://callofduty.fandom.com/wiki/Category:Call_of_Duty:_Warzone_Operators,operators,Category:Call of Duty: Warzone Operators | Call of Duty Wiki | Fandom,,,,hud.hero_portrait,TM_CCOEFF_NORMED,0.88,"[0.75, 1.0, 1.25]",2,internal_review_required,needs_manual_crop
call_of_duty.character_or_operator.johnny_soap_mactavish.8fc1d0f1,call_of_duty,call_of_duty.johnny_soap_mactavish,hero_portrait,"Johnny ""Soap"" MacTavish",https://static.wikia.nocookie.net/callofduty/images/1/14/Soap_Infobox_2023_MWIII.png/revision/latest/smart/width/40/height/30?cb=20231110195214,https://callofduty.fandom.com/wiki/Category:Call_of_Duty:_Warzone_Operators,operators,Category:Call of Duty: Warzone Operators | Call of Duty Wiki | Fandom,,,,hud.hero_portrait,TM_CCOEFF_NORMED,0.88,"[0.75, 1.0, 1.25]",2,internal_review_required,needs_manual_crop
call_of_duty.character_or_operator.kaori_kitsune_tanaka.5ba18c59,call_of_duty,call_of_duty.kaori_kitsune_tanaka,hero_portrait,"Kaori ""Kitsune"" Tanaka",https://static.wikia.nocookie.net/callofduty/images/d/d3/Kitsune_Operator_Default_BOCW.png/revision/latest/smart/width/40/height/30?cb=20240223121602,https://callofduty.fandom.com/wiki/Category:Call_of_Duty:_Warzone_Operators,operators,Category:Call of Duty: Warzone Operators | Call of Duty Wiki | Fandom,,,,hud.hero_portrait,TM_CCOEFF_NORMED,0.88,"[0.75, 1.0, 1.25]",2,internal_review_required,needs_manual_crop
call_of_duty.character_or_operator.kapano_naga_vang.a9fbc6d4,call_of_duty,call_of_duty.kapano_naga_vang,hero_portrait,"Kapano ""Naga"" Vang",https://static.wikia.nocookie.net/callofduty/images/3/3e/Naga_Operator_Default_BOCW.png/revision/latest/smart/width/40/height/30?cb=20240223121618,https://callofduty.fandom.com/wiki/Category:Call_of_Duty:_Warzone_Operators,operators,Category:Call of Duty: Warzone Operators | Call of Duty Wiki | Fandom,,,,hud.hero_portrait,TM_CCOEFF_NORMED,0.88,"[0.75, 1.0, 1.25]",2,internal_review_required,needs_manual_crop
call_of_duty.character_or_operator.karla_rivas.d67ab221,call_of_duty,call_of_duty.karla_rivas,hero_portrait,Karla Rivas,https://static.wikia.nocookie.net/callofduty/images/3/35/Rivas_Operator_Default_BOCW.png/revision/latest/smart/width/40/height/30?cb=20240223121733,https://callofduty.fandom.com/wiki/Category:Call_of_Duty:_Warzone_Operators,operators,Category:Call of Duty: Warzone Operators | Call of Duty Wiki | Fandom,,,,hud.hero_portrait,TM_CCOEFF_NORMED,0.88,"[0.75, 1.0, 1.25]",2,internal_review_required,needs_manual_crop
call_of_duty.character_or_operator.khaled_al.5981c0ba,call_of_duty,call_of_duty.khaled_al,hero_portrait,Khaled Al,https://static.wikia.nocookie.net/callofduty/images/b/b7/Khaled_Infobox_MW.png/revision/latest/smart/width/40/height/30?cb=20201108185805,https://callofduty.fandom.com/wiki/Category:Call_of_Duty:_Warzone_Operators,operators,Category:Call of Duty: Warzone Operators | Call of Duty Wiki | Fandom,,,,hud.hero_portrait,TM_CCOEFF_NORMED,0.88,"[0.75, 1.0, 1.25]",2,internal_review_required,needs_manual_crop
call_of_duty.character_or_operator.kim_tae_young.c4813ede,call_of_duty,call_of_duty.kim_tae_young,hero_portrait,Kim Tae Young,https://static.wikia.nocookie.net/callofduty/images/0/0b/Tae_Young_Operator_Default_CODV.png/revision/latest/smart/width/40/height/30?cb=20240223140022,https://callofduty.fandom.com/wiki/Category:Call_of_Duty:_Warzone_Operators,operators,Category:Call of Duty: Warzone Operators | Call of Duty Wiki | Fandom,,,,hud.hero_portrait,TM_CCOEFF_NORMED,0.88,"[0.75, 1.0, 1.25]",2,internal_review_required,needs_manual_crop
call_of_duty.character_or_operator.kwan_song.66d4923c,call_of_duty,call_of_duty.kwan_song,hero_portrait,Kwan Song,https://static.wikia.nocookie.net/callofduty/images/4/46/Song_Operator_Default_BOCW.png/revision/latest/smart/width/40/height/30?cb=20240223121832,https://callofduty.fandom.com/wiki/Category:Call_of_Duty:_Warzone_Operators,operators,Category:Call of Duty: Warzone Operators | Call of Duty Wiki | Fandom,,,,hud.hero_portrait,TM_CCOEFF_NORMED,0.88,"[0.75, 1.0, 1.25]",2,internal_review_required,needs_manual_crop
call_of_duty.character_or_operator.kyle_gaz_garrick.7176fa71,call_of_duty,call_of_duty.kyle_gaz_garrick,hero_portrait,"Kyle ""Gaz"" Garrick",https://static.wikia.nocookie.net/callofduty/images/a/a3/KyleGarrick_Infobox_MWIII.png/revision/latest/smart/width/40/height/30?cb=20240112041647,https://callofduty.fandom.com/wiki/Category:Call_of_Duty:_Warzone_Operators,operators,Category:Call of Duty: Warzone Operators | Call of Duty Wiki | Fandom,,,,hud.hero_portrait,TM_CCOEFF_NORMED,0.88,"[0.75, 1.0, 1.25]",2,internal_review_required,needs_manual_crop
call_of_duty.character_or_operator.lawrence_sims.1a5d361e,call_of_duty,call_of_duty.lawrence_sims,hero_portrait,Lawrence Sims,https://static.wikia.nocookie.net/callofduty/images/1/1c/Sims_Operator_Default_BO6.png/revision/latest/smart/width/40/height/30?cb=20250807163211,https://callofduty.fandom.com/wiki/Category:Call_of_Duty:_Warzone_Operators,operators,Category:Call of Duty: Warzone Operators | Call of Duty Wiki | Fandom,,,,hud.hero_portrait,TM_CCOEFF_NORMED,0.88,"[0.75, 1.0, 1.25]",2,internal_review_required,needs_manual_crop
call_of_duty.character_or_operator.lewis_howard.f1bb78ee,call_of_duty,call_of_duty.lewis_howard,hero_portrait,Lewis Howard,https://static.wikia.nocookie.net/callofduty/images/c/c8/Lewis_Operator_Default_CODV.png/revision/latest/smart/width/40/height/30?cb=20240223141202,https://callofduty.fandom.com/wiki/Category:Call_of_Duty:_Warzone_Operators,operators,Category:Call of Duty: Warzone Operators | Call of Duty Wiki | Fandom,,,,hud.hero_portrait,TM_CCOEFF_NORMED,0.88,"[0.75, 1.0, 1.25]",2,internal_review_required,needs_manual_crop
call_of_duty.character_or_operator.lucas_riggs.cebbef77,call_of_duty,call_of_duty.lucas_riggs,hero_portrait,Lucas Riggs,https://static.wikia.nocookie.net/callofduty/images/0/0a/LucasRiggs_Infobox_CODV.png/revision/latest/smart/width/40/height/30?cb=20240223152300,https://callofduty.fandom.com/wiki/Category:Call_of_Duty:_Warzone_Operators,operators,Category:Call of Duty: Warzone Operators | Call of Duty Wiki | Fandom,,,,hud.hero_portrait,TM_CCOEFF_NORMED,0.88,"[0.75, 1.0, 1.25]",2,internal_review_required,needs_manual_crop
call_of_duty.character_or_operator.mace.c4a53250,call_of_duty,call_of_duty.mace,hero_portrait,Mace,https://static.wikia.nocookie.net/callofduty/images/a/a5/Mace_Operator_Default_MWII.png/revision/latest/smart/width/40/height/30?cb=20240512085738,https://callofduty.fandom.com/wiki/Category:Call_of_Duty:_Warzone_Operators,operators,Category:Call of Duty: Warzone Operators | Call of Duty Wiki | Fandom,,,,hud.hero_portrait,TM_CCOEFF_NORMED,0.88,"[0.75, 1.0, 1.25]",2,internal_review_required,needs_manual_crop
call_of_duty.character_or_operator.mara.59f8c5ed,call_of_duty,call_of_duty.mara,hero_portrait,Mara,https://static.wikia.nocookie.net/callofduty/images/c/ce/Mara_Operator_Default_MW.png/revision/latest/smart/width/40/height/30?cb=20240222163642,https://callofduty.fandom.com/wiki/Category:Call_of_Duty:_Warzone_Operators,operators,Category:Call of Duty: Warzone Operators | Call of Duty Wiki | Fandom,,,,hud.hero_portrait,TM_CCOEFF_NORMED,0.88,"[0.75, 1.0, 1.25]",2,internal_review_required,needs_manual_crop
call_of_duty.character_or_operator.marcus_lerch_ortega.dc0f6825,call_of_duty,call_of_duty.marcus_lerch_ortega,hero_portrait,"Marcus ""Lerch"" Ortega",https://static.wikia.nocookie.net/callofduty/images/a/ae/Lerch_Operator_Default_MW.png/revision/latest/smart/width/40/height/30?cb=20240222163155,https://callofduty.fandom.com/wiki/Category:Call_of_Duty:_Warzone_Operators,operators,Category:Call of Duty: Warzone Operators | Call of Duty Wiki | Fandom,,,,hud.hero_portrait,TM_CCOEFF_NORMED,0.88,"[0.75, 1.0, 1.25]",2,internal_review_required,needs_manual_crop
call_of_duty.character_or_operator.marcus_griggs.a7286d9f,call_of_duty,call_of_duty.marcus_griggs,hero_portrait,Marcus Griggs,https://static.wikia.nocookie.net/callofduty/images/4/47/Griggs_Operator_Default_MW.png/revision/latest/smart/width/40/height/30?cb=20240222163434,https://callofduty.fandom.com/wiki/Category:Call_of_Duty:_Warzone_Operators,operators,Category:Call of Duty: Warzone Operators | Call of Duty Wiki | Fandom,,,,hud.hero_portrait,TM_CCOEFF_NORMED,0.88,"[0.75, 1.0, 1.25]",2,internal_review_required,needs_manual_crop
call_of_duty.character_or_operator.alex_mason.161f8be7,call_of_duty,call_of_duty.alex_mason,hero_portrait,Alex Mason,https://static.wikia.nocookie.net/callofduty/images/c/c0/Alex_Mason_Infobox_1986_BOII.png/revision/latest/smart/width/40/height/30?cb=20231213181030,https://callofduty.fandom.com/wiki/Category:Call_of_Duty:_Warzone_Operators,operators,Category:Call of Duty: Warzone Operators | Call of Duty Wiki | Fandom,,,,hud.hero_portrait,TM_CCOEFF_NORMED,0.88,"[0.75, 1.0, 1.25]",2,internal_review_required,needs_manual_crop
call_of_duty.character_or_operator.mateo_hernandez.8de0805b,call_of_duty,call_of_duty.mateo_hernandez,hero_portrait,Mateo Hernandez,https://static.wikia.nocookie.net/callofduty/images/a/a3/Mateo_Hernandez.png/revision/latest/smart/width/40/height/30?cb=20211106171253,https://callofduty.fandom.com/wiki/Category:Call_of_Duty:_Warzone_Operators,operators,Category:Call of Duty: Warzone Operators | Call of Duty Wiki | Fandom,,,,hud.hero_portrait,TM_CCOEFF_NORMED,0.88,"[0.75, 1.0, 1.25]",2,internal_review_required,needs_manual_crop
call_of_duty.character_or_operator.maxim_minotaur_bale.af36eee6,call_of_duty,call_of_duty.maxim_minotaur_bale,hero_portrait,"Maxim ""Minotaur"" Bale",https://static.wikia.nocookie.net/callofduty/images/b/b9/Minotaur_Operator_Default_MW.png/revision/latest/smart/width/40/height/30?cb=20240222163139,https://callofduty.fandom.com/wiki/Category:Call_of_Duty:_Warzone_Operators,operators,Category:Call of Duty: Warzone Operators | Call of Duty Wiki | Fandom,,,,hud.hero_portrait,TM_CCOEFF_NORMED,0.88,"[0.75, 1.0, 1.25]",2,internal_review_required,needs_manual_crop
call_of_duty.character_or_operator.maxim_antonov.00e38de4,call_of_duty,call_of_duty.maxim_antonov,hero_portrait,Maxim Antonov,https://static.wikia.nocookie.net/callofduty/images/1/17/Antonov_Operator_Default_BOCW.png/revision/latest/smart/width/40/height/30?cb=20240223121622,https://callofduty.fandom.com/wiki/Category:Call_of_Duty:_Warzone_Operators,operators,Category:Call of Duty: Warzone Operators | Call of Duty Wiki | Fandom,,,,hud.hero_portrait,TM_CCOEFF_NORMED,0.88,"[0.75, 1.0, 1.25]",2,internal_review_required,needs_manual_crop
call_of_duty.character_or_operator.mendo_garcia.77e13d05,call_of_duty,call_of_duty.mendo_garcia,hero_portrait,Mendo Garcia,https://static.wikia.nocookie.net/callofduty/images/c/c7/Garcia_Operator_Default_BOCW.png/revision/latest/smart/width/40/height/30?cb=20240223121651,https://callofduty.fandom.com/wiki/Category:Call_of_Duty:_Warzone_Operators,operators,Category:Call of Duty: Warzone Operators | Call of Duty Wiki | Fandom,,,,hud.hero_portrait,TM_CCOEFF_NORMED,0.88,"[0.75, 1.0, 1.25]",2,internal_review_required,needs_manual_crop
call_of_duty.character_or_operator.mil.12d1ef71,call_of_duty,call_of_duty.mil,hero_portrait,Mil,https://static.wikia.nocookie.net/callofduty/images/8/8c/MilSim_Coalition_Operator_Default_MW.png/revision/latest/smart/width/40/height/30?cb=20240222163827,https://callofduty.fandom.com/wiki/Category:Call_of_Duty:_Warzone_Operators,operators,Category:Call of Duty: Warzone Operators | Call of Duty Wiki | Fandom,,,,hud.hero_portrait,TM_CCOEFF_NORMED,0.88,"[0.75, 1.0, 1.25]",2,internal_review_required,needs_manual_crop
call_of_duty.character_or_operator.nikodim_rodion_egorov.22560f4f,call_of_duty,call_of_duty.nikodim_rodion_egorov,hero_portrait,"Nikodim ""Rodion"" Egorov",https://static.wikia.nocookie.net/callofduty/images/4/47/Rodion_Operator_Default_MW.png/revision/latest/smart/width/40/height/30?cb=20240222163124,https://callofduty.fandom.com/wiki/Category:Call_of_Duty:_Warzone_Operators,operators,Category:Call of Duty: Warzone Operators | Call of Duty Wiki | Fandom,,,,hud.hero_portrait,TM_CCOEFF_NORMED,0.88,"[0.75, 1.0, 1.25]",2,internal_review_required,needs_manual_crop
call_of_duty.character_or_operator.nikolai_reboot.a4595010,call_of_duty,call_of_duty.nikolai_reboot,hero_portrait,Nikolai (Reboot),https://static.wikia.nocookie.net/callofduty/images/5/53/Nikolai_Infobox_MWIII.png/revision/latest/smart/width/40/height/30?cb=20231104194805,https://callofduty.fandom.com/wiki/Category:Call_of_Duty:_Warzone_Operators,operators,Category:Call of Duty: Warzone Operators | Call of Duty Wiki | Fandom,,,,hud.hero_portrait,TM_CCOEFF_NORMED,0.88,"[0.75, 1.0, 1.25]",2,internal_review_required,needs_manual_crop
call_of_duty.character_or_operator.nikto.3ecaae84,call_of_duty,call_of_duty.nikto,hero_portrait,Nikto,https://static.wikia.nocookie.net/callofduty/images/f/f4/Nikto_Operator_Default_MWII.png/revision/latest/smart/width/40/height/30?cb=20240512090335,https://callofduty.fandom.com/wiki/Category:Call_of_Duty:_Warzone_Operators,operators,Category:Call of Duty: Warzone Operators | Call of Duty Wiki | Fandom,,,,hud.hero_portrait,TM_CCOEFF_NORMED,0.88,"[0.75, 1.0, 1.25]",2,internal_review_required,needs_manual_crop
call_of_duty.character_or_operator.owethu_jackal_mabuza.bf0ca4dc,call_of_duty,call_of_duty.owethu_jackal_mabuza,hero_portrait,"Owethu ""Jackal"" Mabuza",https://static.wikia.nocookie.net/callofduty/images/1/1d/Jackal_Operator_Default_BOCW.png/revision/latest/smart/width/40/height/30?cb=20240223121603,https://callofduty.fandom.com/wiki/Category:Call_of_Duty:_Warzone_Operators,operators,Category:Call of Duty: Warzone Operators | Call of Duty Wiki | Fandom,,,,hud.hero_portrait,TM_CCOEFF_NORMED,0.88,"[0.75, 1.0, 1.25]",2,internal_review_required,needs_manual_crop
call_of_duty.character_or_operator.padmavati_balan.2e0a1c91,call_of_duty,call_of_duty.padmavati_balan,hero_portrait,Padmavati Balan,https://static.wikia.nocookie.net/callofduty/images/4/42/Padmavati_Operator_Default_CODV.png/revision/latest/smart/width/40/height/30?cb=20240223141350,https://callofduty.fandom.com/wiki/Category:Call_of_Duty:_Warzone_Operators,operators,Category:Call of Duty: Warzone Operators | Call of Duty Wiki | Fandom,,,,hud.hero_portrait,TM_CCOEFF_NORMED,0.88,"[0.75, 1.0, 1.25]",2,internal_review_required,needs_manual_crop
call_of_duty.character_or_operator.polina_petrova.b73840fe,call_of_duty,call_of_duty.polina_petrova,hero_portrait,Polina Petrova,https://static.wikia.nocookie.net/callofduty/images/7/78/PolinaPetrova_Promo_CODV.jpg/revision/latest/smart/width/40/height/30?cb=20210819213343,https://callofduty.fandom.com/wiki/Category:Call_of_Duty:_Warzone_Operators,operators,Category:Call of Duty: Warzone Operators | Call of Duty Wiki | Fandom,,,,hud.hero_portrait,TM_CCOEFF_NORMED,0.88,"[0.75, 1.0, 1.25]",2,internal_review_required,needs_manual_crop
call_of_duty.character_or_operator.raul_menendez.11bfa47e,call_of_duty,call_of_duty.raul_menendez,hero_portrait,Raul Menendez,https://static.wikia.nocookie.net/callofduty/images/6/65/Raul_Menendez_BO7.png/revision/latest/smart/width/40/height/30?cb=20250819193332,https://callofduty.fandom.com/wiki/Category:Call_of_Duty:_Warzone_Operators,operators,Category:Call of Duty: Warzone Operators | Call of Duty Wiki | Fandom,,,,hud.hero_portrait,TM_CCOEFF_NORMED,0.88,"[0.75, 1.0, 1.25]",2,internal_review_required,needs_manual_crop
call_of_duty.character_or_operator.roland_zeimet.82e4b12f,call_of_duty,call_of_duty.roland_zeimet,hero_portrait,Roland Zeimet,https://static.wikia.nocookie.net/callofduty/images/8/83/Roland_Operator_Default_CODV.png/revision/latest/smart/width/40/height/30?cb=20240223141317,https://callofduty.fandom.com/wiki/Category:Call_of_Duty:_Warzone_Operators,operators,Category:Call of Duty: Warzone Operators | Call of Duty Wiki | Fandom,,,,hud.hero_portrait,TM_CCOEFF_NORMED,0.88,"[0.75, 1.0, 1.25]",2,internal_review_required,needs_manual_crop
call_of_duty.character_or_operator.roman_knight_gray.bb41e519,call_of_duty,call_of_duty.roman_knight_gray,hero_portrait,"Roman ""Knight"" Gray",https://static.wikia.nocookie.net/callofduty/images/e/e9/Knight_Operator_Default_BOCW.png/revision/latest/smart/width/40/height/30?cb=20240223121635,https://callofduty.fandom.com/wiki/Category:Call_of_Duty:_Warzone_Operators,operators,Category:Call of Duty: Warzone Operators | Call of Duty Wiki | Fandom,,,,hud.hero_portrait,TM_CCOEFF_NORMED,0.88,"[0.75, 1.0, 1.25]",2,internal_review_required,needs_manual_crop
call_of_duty.character_or_operator.rozlin_roze_helms.befd4c7c,call_of_duty,call_of_duty.rozlin_roze_helms,hero_portrait,"Rozlin ""Roze"" Helms",https://static.wikia.nocookie.net/callofduty/images/c/c4/Roze_Operator_Default_MWII.png/revision/latest/smart/width/40/height/30?cb=20240512085551,https://callofduty.fandom.com/wiki/Category:Call_of_Duty:_Warzone_Operators,operators,Category:Call of Duty: Warzone Operators | Call of Duty Wiki | Fandom,,,,hud.hero_portrait,TM_CCOEFF_NORMED,0.88,"[0.75, 1.0, 1.25]",2,internal_review_required,needs_manual_crop
call_of_duty.character_or_operator.russell_adler.dea0b25e,call_of_duty,call_of_duty.russell_adler,hero_portrait,Russell Adler,https://static.wikia.nocookie.net/callofduty/images/8/81/RussellAdler_BO6.png/revision/latest/smart/width/40/height/30?cb=20241025045652,https://callofduty.fandom.com/wiki/Category:Call_of_Duty:_Warzone_Operators,operators,Category:Call of Duty: Warzone Operators | Call of Duty Wiki | Fandom,,,,hud.hero_portrait,TM_CCOEFF_NORMED,0.88,"[0.75, 1.0, 1.25]",2,internal_review_required,needs_manual_crop
call_of_duty.character_or_operator.samantha_maxis.7612a022,call_of_duty,call_of_duty.samantha_maxis,hero_portrait,Samantha Maxis,https://static.wikia.nocookie.net/callofduty/images/1/1f/SamanthaMaxis_HUD_Outbreak_Zombies_BOCW.png/revision/latest/smart/width/40/height/30?cb=20210524122528,https://callofduty.fandom.com/wiki/Category:Call_of_Duty:_Warzone_Operators,operators,Category:Call of Duty: Warzone Operators | Call of Duty Wiki | Fandom,,,,hud.hero_portrait,TM_CCOEFF_NORMED,0.88,"[0.75, 1.0, 1.25]",2,internal_review_required,needs_manual_crop
call_of_duty.character_or_operator.sebastian_krueger_modern_warfare.f94ead2e,call_of_duty,call_of_duty.sebastian_krueger_modern_warfare,hero_portrait,Sebastian Krueger (Modern Warfare),https://static.wikia.nocookie.net/callofduty/images/f/fb/Krueger_Operator_Default_MW.png/revision/latest/smart/width/40/height/30?cb=20240222163916,https://callofduty.fandom.com/wiki/Category:Call_of_Duty:_Warzone_Operators,operators,Category:Call of Duty: Warzone Operators | Call of Duty Wiki | Fandom,,,,hud.hero_portrait,TM_CCOEFF_NORMED,0.88,"[0.75, 1.0, 1.25]",2,internal_review_required,needs_manual_crop
call_of_duty.character_or_operator.sebastian_vargas.6de53fe7,call_of_duty,call_of_duty.sebastian_vargas,hero_portrait,Sebastian Vargas,https://static.wikia.nocookie.net/callofduty/images/5/52/Vargas_Operator_Default_BOCW.png/revision/latest/smart/width/40/height/30?cb=20240223121655,https://callofduty.fandom.com/wiki/Category:Call_of_Duty:_Warzone_Operators,operators,Category:Call of Duty: Warzone Operators | Call of Duty Wiki | Fandom,,,,hud.hero_portrait,TM_CCOEFF_NORMED,0.88,"[0.75, 1.0, 1.25]",2,internal_review_required,needs_manual_crop
call_of_duty.character_or_operator.sergio_morte_sulla.805bf3a1,call_of_duty,call_of_duty.sergio_morte_sulla,hero_portrait,"Sergio ""Morte"" Sulla",https://static.wikia.nocookie.net/callofduty/images/1/1c/Morte_Operator_Default_MW.png/revision/latest/smart/width/40/height/30?cb=20240222163601,https://callofduty.fandom.com/wiki/Category:Call_of_Duty:_Warzone_Operators,operators,Category:Call of Duty: Warzone Operators | Call of Duty Wiki | Fandom,,,,hud.hero_portrait,TM_CCOEFF_NORMED,0.88,"[0.75, 1.0, 1.25]",2,internal_review_required,needs_manual_crop
call_of_duty.character_or_operator.shane_sparks.f35f50a9,call_of_duty,call_of_duty.shane_sparks,hero_portrait,Shane Sparks,https://static.wikia.nocookie.net/callofduty/images/c/cb/Sparks_Operator_Default_MW.png/revision/latest/smart/width/40/height/30?cb=20240222163531,https://callofduty.fandom.com/wiki/Category:Call_of_Duty:_Warzone_Operators,operators,Category:Call of Duty: Warzone Operators | Call of Duty Wiki | Fandom,,,,hud.hero_portrait,TM_CCOEFF_NORMED,0.88,"[0.75, 1.0, 1.25]",2,internal_review_required,needs_manual_crop
call_of_duty.character_or_operator.shigenori_ota.ac3334a7,call_of_duty,call_of_duty.shigenori_ota,hero_portrait,Shigenori Ota,https://static.wikia.nocookie.net/callofduty/images/d/d4/Shigenori_Operator_Default_CODV.png/revision/latest/smart/width/40/height/30?cb=20240223141303,https://callofduty.fandom.com/wiki/Category:Call_of_Duty:_Warzone_Operators,operators,Category:Call of Duty: Warzone Operators | Call of Duty Wiki | Fandom,,,,hud.hero_portrait,TM_CCOEFF_NORMED,0.88,"[0.75, 1.0, 1.25]",2,internal_review_required,needs_manual_crop
call_of_duty.character_or_operator.simon_ghost_riley_reboot.80da44d4,call_of_duty,call_of_duty.simon_ghost_riley_reboot,hero_portrait,"Simon ""Ghost"" Riley (Reboot)",https://static.wikia.nocookie.net/callofduty/images/b/b4/Ghost_Infobox_2023_MWIII.png/revision/latest/smart/width/40/height/30?cb=20231118184755,https://callofduty.fandom.com/wiki/Category:Call_of_Duty:_Warzone_Operators,operators,Category:Call of Duty: Warzone Operators | Call of Duty Wiki | Fandom,,,,hud.hero_portrait,TM_CCOEFF_NORMED,0.88,"[0.75, 1.0, 1.25]",2,internal_review_required,needs_manual_crop
call_of_duty.character_or_operator.snoop_dogg.86e645ea,call_of_duty,call_of_duty.snoop_dogg,hero_portrait,Snoop Dogg,https://static.wikia.nocookie.net/callofduty/images/1/10/Snoop_Dogg_Operator_Default_MWII.png/revision/latest/smart/width/40/height/30?cb=20240512090416,https://callofduty.fandom.com/wiki/Category:Call_of_Duty:_Warzone_Operators,operators,Category:Call of Duty: Warzone Operators | Call of Duty Wiki | Fandom,,,,hud.hero_portrait,TM_CCOEFF_NORMED,0.88,"[0.75, 1.0, 1.25]",2,internal_review_required,needs_manual_crop
call_of_duty.character_or_operator.solange_hardewijk.73af8bf3,call_of_duty,call_of_duty.solange_hardewijk,hero_portrait,Solange Hardewijk,https://static.wikia.nocookie.net/callofduty/images/f/f0/Solange_Operator_Default_CODV.png/revision/latest/smart/width/40/height/30?cb=20240223141251,https://callofduty.fandom.com/wiki/Category:Call_of_Duty:_Warzone_Operators,operators,Category:Call of Duty: Warzone Operators | Call of Duty Wiki | Fandom,,,,hud.hero_portrait,TM_CCOEFF_NORMED,0.88,"[0.75, 1.0, 1.25]",2,internal_review_required,needs_manual_crop
call_of_duty.character_or_operator.sydney_syd.fca873a0,call_of_duty,call_of_duty.sydney_syd,hero_portrait,"Sydney ""Syd""",https://static.wikia.nocookie.net/callofduty/images/e/e2/Syd_Operator_Default_MW.png/revision/latest/smart/width/40/height/30?cb=20240222163052,https://callofduty.fandom.com/wiki/Category:Call_of_Duty:_Warzone_Operators,operators,Category:Call of Duty: Warzone Operators | Call of Duty Wiki | Fandom,,,,hud.hero_portrait,TM_CCOEFF_NORMED,0.88,"[0.75, 1.0, 1.25]",2,internal_review_required,needs_manual_crop
call_of_duty.character_or_operator.talon_operator.247b9cd9,call_of_duty,call_of_duty.talon_operator,hero_portrait,Talon (Operator),https://static.wikia.nocookie.net/callofduty/images/f/fb/Talon_Operator_Default_MW.png/revision/latest/smart/width/40/height/30?cb=20240222163728,https://callofduty.fandom.com/wiki/Category:Call_of_Duty:_Warzone_Operators,operators,Category:Call of Duty: Warzone Operators | Call of Duty Wiki | Fandom,,,,hud.hero_portrait,TM_CCOEFF_NORMED,0.88,"[0.75, 1.0, 1.25]",2,internal_review_required,needs_manual_crop
call_of_duty.character_or_operator.terrell_wolf.8c2a5898,call_of_duty,call_of_duty.terrell_wolf,hero_portrait,Terrell Wolf,https://static.wikia.nocookie.net/callofduty/images/a/a0/Wolf_Operator_Default_BOCW.png/revision/latest/smart/width/40/height/30?cb=20240223121803,https://callofduty.fandom.com/wiki/Category:Call_of_Duty:_Warzone_Operators,operators,Category:Call of Duty: Warzone Operators | Call of Duty Wiki | Fandom,,,,hud.hero_portrait,TM_CCOEFF_NORMED,0.88,"[0.75, 1.0, 1.25]",2,internal_review_required,needs_manual_crop
call_of_duty.character_or_operator.thomas_bolt.928fb792,call_of_duty,call_of_duty.thomas_bolt,hero_portrait,Thomas Bolt,https://static.wikia.nocookie.net/callofduty/images/e/e2/Thomas_Operator_Default_CODV.png/revision/latest/smart/width/40/height/30?cb=20240223135910,https://callofduty.fandom.com/wiki/Category:Call_of_Duty:_Warzone_Operators,operators,Category:Call of Duty: Warzone Operators | Call of Duty Wiki | Fandom,,,,hud.hero_portrait,TM_CCOEFF_NORMED,0.88,"[0.75, 1.0, 1.25]",2,internal_review_required,needs_manual_crop
call_of_duty.character_or_operator.velikan.398b708b,call_of_duty,call_of_duty.velikan,hero_portrait,Velikan,https://static.wikia.nocookie.net/callofduty/images/c/c2/Velikan_Operator_Default_MWII.png/revision/latest/smart/width/40/height/30?cb=20240512090437,https://callofduty.fandom.com/wiki/Category:Call_of_Duty:_Warzone_Operators,operators,Category:Call of Duty: Warzone Operators | Call of Duty Wiki | Fandom,,,,hud.hero_portrait,TM_CCOEFF_NORMED,0.88,"[0.75, 1.0, 1.25]",2,internal_review_required,needs_manual_crop
call_of_duty.character_or_operator.vikhor_stitch_kuzmin.94f995cc,call_of_duty,call_of_duty.vikhor_stitch_kuzmin,hero_portrait,"Vikhor ""Stitch"" Kuzmin",https://static.wikia.nocookie.net/callofduty/images/8/86/Stitch_Operator_Default_BO6.png/revision/latest/smart/width/40/height/30?cb=20250529164210,https://callofduty.fandom.com/wiki/Category:Call_of_Duty:_Warzone_Operators,operators,Category:Call of Duty: Warzone Operators | Call of Duty Wiki | Fandom,,,,hud.hero_portrait,TM_CCOEFF_NORMED,0.88,"[0.75, 1.0, 1.25]",2,internal_review_required,needs_manual_crop
call_of_duty.character_or_operator.viktor_zane_metiko.a217a388,call_of_duty,call_of_duty.viktor_zane_metiko,hero_portrait,"Viktor ""Zane"" Metiko",https://static.wikia.nocookie.net/callofduty/images/d/df/Zane_Operator_Default_MW.png/revision/latest/smart/width/40/height/30?cb=20240222163306,https://callofduty.fandom.com/wiki/Category:Call_of_Duty:_Warzone_Operators,operators,Category:Call of Duty: Warzone Operators | Call of Duty Wiki | Fandom,,,,hud.hero_portrait,TM_CCOEFF_NORMED,0.88,"[0.75, 1.0, 1.25]",2,internal_review_required,needs_manual_crop
call_of_duty.character_or_operator.wade_jackson.68cd4970,call_of_duty,call_of_duty.wade_jackson,hero_portrait,Wade Jackson,https://static.wikia.nocookie.net/callofduty/images/0/05/WadeJackson_Promo_CODV.png/revision/latest/smart/width/40/height/30?cb=20210820092009,https://callofduty.fandom.com/wiki/Category:Call_of_Duty:_Warzone_Operators,operators,Category:Call of Duty: Warzone Operators | Call of Duty Wiki | Fandom,,,,hud.hero_portrait,TM_CCOEFF_NORMED,0.88,"[0.75, 1.0, 1.25]",2,internal_review_required,needs_manual_crop
call_of_duty.character_or_operator.wayne_d.1f999561,call_of_duty,call_of_duty.wayne_d,hero_portrait,"Wayne ""D",https://static.wikia.nocookie.net/callofduty/images/6/66/DDay_Operator_Default_MW.png/revision/latest/smart/width/40/height/30?cb=20240222163546,https://callofduty.fandom.com/wiki/Category:Call_of_Duty:_Warzone_Operators,operators,Category:Call of Duty: Warzone Operators | Call of Duty Wiki | Fandom,,,,hud.hero_portrait,TM_CCOEFF_NORMED,0.88,"[0.75, 1.0, 1.25]",2,internal_review_required,needs_manual_crop
call_of_duty.character_or_operator.wyatt_bulldozer_jones.9221b737,call_of_duty,call_of_duty.wyatt_bulldozer_jones,hero_portrait,"Wyatt ""Bulldozer"" Jones",https://static.wikia.nocookie.net/callofduty/images/b/b2/Bulldozer_Operator_Default_BOCW.png/revision/latest/smart/width/40/height/30?cb=20240223121748,https://callofduty.fandom.com/wiki/Category:Call_of_Duty:_Warzone_Operators,operators,Category:Call of Duty: Warzone Operators | Call of Duty Wiki | Fandom,,,,hud.hero_portrait,TM_CCOEFF_NORMED,0.88,"[0.75, 1.0, 1.25]",2,internal_review_required,needs_manual_crop
call_of_duty.character_or_operator.yegor_novak.1df810ac,call_of_duty,call_of_duty.yegor_novak,hero_portrait,Yegor Novak,https://static.wikia.nocookie.net/callofduty/images/9/91/Yegor_Operator_Default_MW.png/revision/latest/smart/width/40/height/30?cb=20240222163108,https://callofduty.fandom.com/wiki/Category:Call_of_Duty:_Warzone_Operators,operators,Category:Call of Duty: Warzone Operators | Call of Duty Wiki | Fandom,,,,hud.hero_portrait,TM_CCOEFF_NORMED,0.88,"[0.75, 1.0, 1.25]",2,internal_review_required,needs_manual_crop
call_of_duty.character_or_operator.yirina_portnova.519cd8d2,call_of_duty,call_of_duty.yirina_portnova,hero_portrait,Yirina Portnova,https://static.wikia.nocookie.net/callofduty/images/d/d2/Portnova_Operator_Default_BOCW.png/revision/latest/smart/width/40/height/30?cb=20240223121652,https://callofduty.fandom.com/wiki/Category:Call_of_Duty:_Warzone_Operators,operators,Category:Call of Duty: Warzone Operators | Call of Duty Wiki | Fandom,,,,hud.hero_portrait,TM_CCOEFF_NORMED,0.88,"[0.75, 1.0, 1.25]",2,internal_review_required,needs_manual_crop
call_of_duty.character_or_operator.zeyna_ossou.a05d957d,call_of_duty,call_of_duty.zeyna_ossou,hero_portrait,Zeyna Ossou,https://static.wikia.nocookie.net/callofduty/images/9/99/Zeyna_Operator_Default_BOCW.png/revision/latest/smart/width/40/height/30?cb=20240223121817,https://callofduty.fandom.com/wiki/Category:Call_of_Duty:_Warzone_Operators,operators,Category:Call of Duty: Warzone Operators | Call of Duty Wiki | Fandom,,,,hud.hero_portrait,TM_CCOEFF_NORMED,0.88,"[0.75, 1.0, 1.25]",2,internal_review_required,needs_manual_crop
call_of_duty.ability_or_equipment.armor_plates.02da7a5d,call_of_duty,call_of_duty.armor_plates,equipment_icon,Armor Plates,https://static.wikia.nocookie.net/callofduty/images/1/13/Armor_Scorestreak_BOCW.png/revision/latest/smart/width/40/height/30?cb=20260407113817,https://callofduty.fandom.com/wiki/Category:Call_of_Duty:_Warzone_Equipment,equipment,Category:Call of Duty: Warzone Equipment | Call of Duty Wiki | Fandom,,,,hud.ability_bar,TM_CCORR_NORMED,0.9,"[0.9, 1.0, 1.1]",2,internal_review_required,needs_manual_crop
call_of_duty.ability_or_equipment.armor_satchel.4296b5ad,call_of_duty,call_of_duty.armor_satchel,equipment_icon,Armor Satchel,https://static.wikia.nocookie.net/callofduty/images/4/44/Armor_Satchel_Icon_WZ.png/revision/latest/smart/width/40/height/30?cb=20250610040841,https://callofduty.fandom.com/wiki/Category:Call_of_Duty:_Warzone_Equipment,equipment,Category:Call of Duty: Warzone Equipment | Call of Duty Wiki | Fandom,,,,hud.ability_bar,TM_CCORR_NORMED,0.9,"[0.9, 1.0, 1.1]",2,internal_review_required,needs_manual_crop
call_of_duty.ability_or_equipment.artillery_marker.f99ba04e,call_of_duty,call_of_duty.artillery_marker,equipment_icon,Artillery Marker,https://static.wikia.nocookie.net/callofduty/images/7/79/Laser_designator_mw2019.png/revision/latest/smart/width/40/height/30?cb=20221003084239,https://callofduty.fandom.com/wiki/Category:Call_of_Duty:_Warzone_Equipment,equipment,Category:Call of Duty: Warzone Equipment | Call of Duty Wiki | Fandom,,,,hud.ability_bar,TM_CCORR_NORMED,0.9,"[0.9, 1.0, 1.1]",2,internal_review_required,needs_manual_crop
call_of_duty.ability_or_equipment.ascender.8b9c6b97,call_of_duty,call_of_duty.ascender,equipment_icon,Ascender,https://static.wikia.nocookie.net/callofduty/images/a/aa/Ascender_MWIII.png/revision/latest/smart/width/40/height/30?cb=20231103033335,https://callofduty.fandom.com/wiki/Category:Call_of_Duty:_Warzone_Equipment,equipment,Category:Call of Duty: Warzone Equipment | Call of Duty Wiki | Fandom,,,,hud.ability_bar,TM_CCORR_NORMED,0.9,"[0.9, 1.0, 1.1]",2,internal_review_required,needs_manual_crop
call_of_duty.ability_or_equipment.body_armor_gear.c3e3dd7d,call_of_duty,call_of_duty.body_armor_gear,equipment_icon,Body Armor (gear),https://static.wikia.nocookie.net/callofduty/images/7/7f/Body_Armor_Bo4.png/revision/latest/smart/width/40/height/30?cb=20190114150725,https://callofduty.fandom.com/wiki/Category:Call_of_Duty:_Warzone_Equipment,equipment,Category:Call of Duty: Warzone Equipment | Call of Duty Wiki | Fandom,,,,hud.ability_bar,TM_CCORR_NORMED,0.9,"[0.9, 1.0, 1.1]",2,internal_review_required,needs_manual_crop
call_of_duty.ability_or_equipment.gas_mask_equipment.ec777f06,call_of_duty,call_of_duty.gas_mask_equipment,equipment_icon,Gas Mask (equipment),https://static.wikia.nocookie.net/callofduty/images/e/e8/Ambushing_enemy_ship_crew_members_Crew_Expendable_CoD4.png/revision/latest/smart/width/40/height/30?cb=20120118084123,https://callofduty.fandom.com/wiki/Category:Call_of_Duty:_Warzone_Equipment,equipment,Category:Call of Duty: Warzone Equipment | Call of Duty Wiki | Fandom,,,,hud.ability_bar,TM_CCORR_NORMED,0.9,"[0.9, 1.0, 1.1]",2,internal_review_required,needs_manual_crop
call_of_duty.ability_or_equipment.ghillie_suit.88fcf2c2,call_of_duty,call_of_duty.ghillie_suit,equipment_icon,Ghillie Suit,https://static.wikia.nocookie.net/callofduty/images/a/a9/Ghillie_Suit_sniper_Creek_COD4.png/revision/latest/smart/width/40/height/30?cb=20130526185335,https://callofduty.fandom.com/wiki/Category:Call_of_Duty:_Warzone_Equipment,equipment,Category:Call of Duty: Warzone Equipment | Call of Duty Wiki | Fandom,,,,hud.ability_bar,TM_CCORR_NORMED,0.9,"[0.9, 1.0, 1.1]",2,internal_review_required,needs_manual_crop
call_of_duty.ability_or_equipment.gulag_entry_token.75d32556,call_of_duty,call_of_duty.gulag_entry_token,equipment_icon,Gulag Entry Token,https://static.wikia.nocookie.net/callofduty/images/6/68/Gulag_Icon_SeasonThree_BO6_WZ2.png/revision/latest/smart/width/40/height/30?cb=20250428040230,https://callofduty.fandom.com/wiki/Category:Call_of_Duty:_Warzone_Equipment,equipment,Category:Call of Duty: Warzone Equipment | Call of Duty Wiki | Fandom,,,,hud.ability_bar,TM_CCORR_NORMED,0.9,"[0.9, 1.0, 1.1]",2,internal_review_required,needs_manual_crop
call_of_duty.ability_or_equipment.parachute.90670e92,call_of_duty,call_of_duty.parachute,equipment_icon,Parachute,https://static.wikia.nocookie.net/callofduty/images/c/c0/Spawn_Pathfinder_CoD1.png/revision/latest/smart/width/40/height/30?cb=20120120154926,https://callofduty.fandom.com/wiki/Category:Call_of_Duty:_Warzone_Equipment,equipment,Category:Call of Duty: Warzone Equipment | Call of Duty Wiki | Fandom,,,,hud.ability_bar,TM_CCORR_NORMED,0.9,"[0.9, 1.0, 1.1]",2,internal_review_required,needs_manual_crop
call_of_duty.ability_or_equipment.propane_tank.4e9e8256,call_of_duty,call_of_duty.propane_tank,equipment_icon,Propane Tank,https://static.wikia.nocookie.net/callofduty/images/8/86/Propane_Tank_CoDG.png/revision/latest/smart/width/40/height/30?cb=20131030171804,https://callofduty.fandom.com/wiki/Category:Call_of_Duty:_Warzone_Equipment,equipment,Category:Call of Duty: Warzone Equipment | Call of Duty Wiki | Fandom,,,,hud.ability_bar,TM_CCORR_NORMED,0.9,"[0.9, 1.0, 1.1]",2,internal_review_required,needs_manual_crop
call_of_duty.ability_or_equipment.redeploy_extraction_token.5a61103d,call_of_duty,call_of_duty.redeploy_extraction_token,equipment_icon,Redeploy Extraction Token,https://static.wikia.nocookie.net/callofduty/images/f/fb/RedeployExtractionToken_Icon_WZ.png/revision/latest/smart/width/40/height/30?cb=20250610041024,https://callofduty.fandom.com/wiki/Category:Call_of_Duty:_Warzone_Equipment,equipment,Category:Call of Duty: Warzone Equipment | Call of Duty Wiki | Fandom,,,,hud.ability_bar,TM_CCORR_NORMED,0.9,"[0.9, 1.0, 1.1]",2,internal_review_required,needs_manual_crop
call_of_duty.ability_or_equipment.self_revive.7d292ec6,call_of_duty,call_of_duty.self_revive,equipment_icon,Self Revive,https://static.wikia.nocookie.net/callofduty/images/7/7b/Last_stand_mw3.png/revision/latest/smart/width/40/height/30?cb=20120218131536,https://callofduty.fandom.com/wiki/Category:Call_of_Duty:_Warzone_Equipment,equipment,Category:Call of Duty: Warzone Equipment | Call of Duty Wiki | Fandom,,,,hud.ability_bar,TM_CCORR_NORMED,0.9,"[0.9, 1.0, 1.1]",2,internal_review_required,needs_manual_crop
call_of_duty.ability_or_equipment.speed_boost.c152add0,call_of_duty,call_of_duty.speed_boost,equipment_icon,Speed Boost,https://static.wikia.nocookie.net/callofduty/images/2/25/LightningBolt_BOCW.png/revision/latest/smart/width/40/height/30?cb=20241002180336,https://callofduty.fandom.com/wiki/Category:Call_of_Duty:_Warzone_Equipment,equipment,Category:Call of Duty: Warzone Equipment | Call of Duty Wiki | Fandom,,,,hud.ability_bar,TM_CCORR_NORMED,0.9,"[0.9, 1.0, 1.1]",2,internal_review_required,needs_manual_crop
