entity_id,entity_type,game_id,display_name,source_page_url,source_role,source_title,section_heading
call_of_duty.alex_keller,character_or_operator,call_of_duty,Alex Keller,https://callofduty.fandom.com/wiki/Category:Call_of_Duty:_Warzone_Operators,operators,Category:Call of Duty: Warzone Operators | Call of Duty Wiki | Fandom,Category
call_of_duty.alex_mason,character_or_operator,call_of_duty,Alex Mason,https://callofduty.fandom.com/wiki/Category:Call_of_Duty:_Warzone_Operators,operators,Category:Call of Duty: Warzone Operators | Call of Duty Wiki | Fandom,Category
call_of_duty.alexia_alice_valenzuela,character_or_operator,call_of_duty,"Alexia ""Alice"" Valenzuela",https://callofduty.fandom.com/wiki/Category:Call_of_Duty:_Warzone_Operators,operators,Category:Call of Duty: Warzone Operators | Call of Duty Wiki | Fandom,Category
call_of_duty.anna_drake,character_or_operator,call_of_duty,Anna Drake,https://callofduty.fandom.com/wiki/Category:Call_of_Duty:_Warzone_Operators,operators,Category:Call of Duty: Warzone Operators | Call of Duty Wiki | Fandom,Category
call_of_duty.arthur_kingsley,character_or_operator,call_of_duty,Arthur Kingsley,https://callofduty.fandom.com/wiki/Category:Call_of_Duty:_Warzone_Operators,operators,Category:Call of Duty: Warzone Operators | Call of Duty Wiki | Fandom,Category
call_of_duty.azur_el,character_or_operator,call_of_duty,Azur El,https://callofduty.fandom.com/wiki/Category:Call_of_Duty:_Warzone_Operators,operators,Category:Call of Duty: Warzone Operators | Call of Duty Wiki | Fandom,Category
call_of_duty.beatrice_mercier,character_or_operator,call_of_duty,Beatrice Mercier,https://callofduty.fandom.com/wiki/Category:Call_of_Duty:_Warzone_Operators,operators,Category:Call of Duty: Warzone Operators | Call of Duty Wiki | Fandom,Category
call_of_duty.benito_fuze_ortega,character_or_operator,call_of_duty,"Benito ""Fuze"" Ortega",https://callofduty.fandom.com/wiki/Category:Call_of_Duty:_Warzone_Operators,operators,Category:Call of Duty: Warzone Operators | Call of Duty Wiki | Fandom,Category
call_of_duty.benjamin_otter_lee,character_or_operator,call_of_duty,"Benjamin ""Otter"" Lee",https://callofduty.fandom.com/wiki/Category:Call_of_Duty:_Warzone_Operators,operators,Category:Call of Duty: Warzone Operators | Call of Duty Wiki | Fandom,Category
call_of_duty.callum_hendry,character_or_operator,call_of_duty,Callum Hendry,https://callofduty.fandom.com/wiki/Category:Call_of_Duty:_Warzone_Operators,operators,Category:Call of Duty: Warzone Operators | Call of Duty Wiki | Fandom,Category
call_of_duty.carver_butcher,character_or_operator,call_of_duty,Carver Butcher,https://callofduty.fandom.com/wiki/Category:Call_of_Duty:_Warzone_Operators,operators,Category:Call of Duty: Warzone Operators | Call of Duty Wiki | Fandom,Category
call_of_duty.charlotte_charly_johnstone,character_or_operator,call_of_duty,"Charlotte ""Charly"" Johnstone",https://callofduty.fandom.com/wiki/Category:Call_of_Duty:_Warzone_Operators,operators,Category:Call of Duty: Warzone Operators | Call of Duty Wiki | Fandom,Category
call_of_duty.colton_stryker_greenfield,character_or_operator,call_of_duty,"Colton ""Stryker"" Greenfield",https://callofduty.fandom.com/wiki/Category:Call_of_Duty:_Warzone_Operators,operators,Category:Call of Duty: Warzone Operators | Call of Duty Wiki | Fandom,Category
call_of_duty.competitor,character_or_operator,call_of_duty,Competitor,https://callofduty.fandom.com/wiki/Category:Call_of_Duty:_Warzone_Operators,operators,Category:Call of Duty: Warzone Operators | Call of Duty Wiki | Fandom,Category
call_of_duty.constanze_muller,character_or_operator,call_of_duty,Constanze Muller,https://callofduty.fandom.com/wiki/Category:Call_of_Duty:_Warzone_Operators,operators,Category:Call of Duty: Warzone Operators | Call of Duty Wiki | Fandom,Category
call_of_duty.damian_raines,character_or_operator,call_of_duty,Damian Raines,https://callofduty.fandom.com/wiki/Category:Call_of_Duty:_Warzone_Operators,operators,Category:Call of Duty: Warzone Operators | Call of Duty Wiki | Fandom,Category
call_of_duty.daniel_ronin_shinoda,character_or_operator,call_of_duty,"Daniel ""Ronin"" Shinoda",https://callofduty.fandom.com/wiki/Category:Call_of_Duty:_Warzone_Operators,operators,Category:Call of Duty: Warzone Operators | Call of Duty Wiki | Fandom,Category
call_of_duty.daniel_yatsu,character_or_operator,call_of_duty,Daniel Yatsu,https://callofduty.fandom.com/wiki/Category:Call_of_Duty:_Warzone_Operators,operators,Category:Call of Duty: Warzone Operators | Call of Duty Wiki | Fandom,Category
call_of_duty.dmitry_bale,character_or_operator,call_of_duty,Dmitry Bale,https://callofduty.fandom.com/wiki/Category:Call_of_Duty:_Warzone_Operators,operators,Category:Call of Duty: Warzone Operators | Call of Duty Wiki | Fandom,Category
call_of_duty.dominique_domino_tam,character_or_operator,call_of_duty,"Dominique ""Domino"" Tam",https://callofduty.fandom.com/wiki/Category:Call_of_Duty:_Warzone_Operators,operators,Category:Call of Duty: Warzone Operators | Call of Duty Wiki | Fandom,Category
call_of_duty.eleazar_lazar_azoulay,character_or_operator,call_of_duty,"Eleazar ""Lazar"" Azoulay",https://callofduty.fandom.com/wiki/Category:Call_of_Duty:_Warzone_Operators,operators,Category:Call of Duty: Warzone Operators | Call of Duty Wiki | Fandom,Category
call_of_duty.farah_karim,character_or_operator,call_of_duty,Farah Karim,https://callofduty.fandom.com/wiki/Category:Call_of_Duty:_Warzone_Operators,operators,Category:Call of Duty: Warzone Operators | Call of Duty Wiki | Fandom,Category
call_of_duty.florence_carter,character_or_operator,call_of_duty,Florence Carter,https://callofduty.fandom.com/wiki/Category:Call_of_Duty:_Warzone_Operators,operators,Category:Call of Duty: Warzone Operators | Call of Duty Wiki | Fandom,Category
call_of_duty.francis_kai_lanakila,character_or_operator,call_of_duty,"Francis ""Kai"" Lanakila",https://callofduty.fandom.com/wiki/Category:Call_of_Duty:_Warzone_Operators,operators,Category:Call of Duty: Warzone Operators | Call of Duty Wiki | Fandom,Category
call_of_duty.frank_woods,character_or_operator,call_of_duty,Frank Woods,https://callofduty.fandom.com/wiki/Category:Call_of_Duty:_Warzone_Operators,operators,Category:Call of Duty: Warzone Operators | Call of Duty Wiki | Fandom,Category
call_of_duty.freya_wraith_helvig,character_or_operator,call_of_duty,"Freya ""Wraith"" Helvig",https://callofduty.fandom.com/wiki/Category:Call_of_Duty:_Warzone_Operators,operators,Category:Call of Duty: Warzone Operators | Call of Duty Wiki | Fandom,Category
call_of_duty.gabriel_t_rorke,character_or_operator,call_of_duty,Gabriel T. Rorke,https://callofduty.fandom.com/wiki/Category:Call_of_Duty:_Warzone_Operators,operators,Category:Call of Duty: Warzone Operators | Call of Duty Wiki | Fandom,Category
call_of_duty.ghostface,character_or_operator,call_of_duty,Ghostface,https://callofduty.fandom.com/wiki/Category:Call_of_Duty:_Warzone_Operators,operators,Category:Call of Duty: Warzone Operators | Call of Duty Wiki | Fandom,Category
call_of_duty.grigori_weaver,character_or_operator,call_of_duty,Grigori Weaver,https://callofduty.fandom.com/wiki/Category:Call_of_Duty:_Warzone_Operators,operators,Category:Call of Duty: Warzone Operators | Call of Duty Wiki | Fandom,Category
call_of_duty.grinch_operator,character_or_operator,call_of_duty,Grinch (operator),https://callofduty.fandom.com/wiki/Category:Call_of_Duty:_Warzone_Operators,operators,Category:Call of Duty: Warzone Operators | Call of Duty Wiki | Fandom,Category
call_of_duty.gustavo_dos_santos,character_or_operator,call_of_duty,Gustavo dos Santos,https://callofduty.fandom.com/wiki/Category:Call_of_Duty:_Warzone_Operators,operators,Category:Call of Duty: Warzone Operators | Call of Duty Wiki | Fandom,Category
call_of_duty.halima_zambardi,character_or_operator,call_of_duty,Halima Zambardi,https://callofduty.fandom.com/wiki/Category:Call_of_Duty:_Warzone_Operators,operators,Category:Call of Duty: Warzone Operators | Call of Duty Wiki | Fandom,Category
call_of_duty.hans_golem_blaustein,character_or_operator,call_of_duty,"Hans ""Golem"" Blaustein",https://callofduty.fandom.com/wiki/Category:Call_of_Duty:_Warzone_Operators,operators,Category:Call of Duty: Warzone Operators | Call of Duty Wiki | Fandom,Category
call_of_duty.harry_stone,character_or_operator,call_of_duty,Harry Stone,https://callofduty.fandom.com/wiki/Category:Call_of_Duty:_Warzone_Operators,operators,Category:Call of Duty: Warzone Operators | Call of Duty Wiki | Fandom,Category
call_of_duty.he_seraph_zhen,character_or_operator,call_of_duty,"He ""Seraph"" Zhen",https://callofduty.fandom.com/wiki/Category:Call_of_Duty:_Warzone_Operators,operators,Category:Call of Duty: Warzone Operators | Call of Duty Wiki | Fandom,Category
call_of_duty.helen_park,character_or_operator,call_of_duty,Helen Park,https://callofduty.fandom.com/wiki/Category:Call_of_Duty:_Warzone_Operators,operators,Category:Call of Duty: Warzone Operators | Call of Duty Wiki | Fandom,Category
call_of_duty.ikenna_olowe,character_or_operator,call_of_duty,Ikenna Olowe,https://callofduty.fandom.com/wiki/Category:Call_of_Duty:_Warzone_Operators,operators,Category:Call of Duty: Warzone Operators | Call of Duty Wiki | Fandom,Category
call_of_duty.ingo_beck,character_or_operator,call_of_duty,Ingo Beck,https://callofduty.fandom.com/wiki/Category:Call_of_Duty:_Warzone_Operators,operators,Category:Call of Duty: Warzone Operators | Call of Duty Wiki | Fandom,Category
call_of_duty.isabella_reyes,character_or_operator,call_of_duty,Isabella Reyes,https://callofduty.fandom.com/wiki/Category:Call_of_Duty:_Warzone_Operators,operators,Category:Call of Duty: Warzone Operators | Call of Duty Wiki | Fandom,Category
call_of_duty.iskra,character_or_operator,call_of_duty,Iskra,https://callofduty.fandom.com/wiki/Category:Call_of_Duty:_Warzone_Operators,operators,Category:Call of Duty: Warzone Operators | Call of Duty Wiki | Fandom,Category
call_of_duty.jabari_salah,character_or_operator,call_of_duty,Jabari Salah,https://callofduty.fandom.com/wiki/Category:Call_of_Duty:_Warzone_Operators,operators,Category:Call of Duty: Warzone Operators | Call of Duty Wiki | Fandom,Category
call_of_duty.jackson_wyatt,character_or_operator,call_of_duty,Jackson Wyatt,https://callofduty.fandom.com/wiki/Category:Call_of_Duty:_Warzone_Operators,operators,Category:Call of Duty: Warzone Operators | Call of Duty Wiki | Fandom,Category
call_of_duty.jacob_thorne,character_or_operator,call_of_duty,Jacob Thorne,https://callofduty.fandom.com/wiki/Category:Call_of_Duty:_Warzone_Operators,operators,Category:Call of Duty: Warzone Operators | Call of Duty Wiki | Fandom,Category
call_of_duty.jada_powers,character_or_operator,call_of_duty,Jada Powers,https://callofduty.fandom.com/wiki/Category:Call_of_Duty:_Warzone_Operators,operators,Category:Call of Duty: Warzone Operators | Call of Duty Wiki | Fandom,Category
call_of_duty.jason_hudson,character_or_operator,call_of_duty,Jason Hudson,https://callofduty.fandom.com/wiki/Category:Call_of_Duty:_Warzone_Operators,operators,Category:Call of Duty: Warzone Operators | Call of Duty Wiki | Fandom,Category
call_of_duty.jason_hunter,character_or_operator,call_of_duty,Jason Hunter,https://callofduty.fandom.com/wiki/Category:Call_of_Duty:_Warzone_Operators,operators,Category:Call of Duty: Warzone Operators | Call of Duty Wiki | Fandom,Category
call_of_duty.john_baker,character_or_operator,call_of_duty,John Baker,https://callofduty.fandom.com/wiki/Category:Call_of_Duty:_Warzone_Operators,operators,Category:Call of Duty: Warzone Operators | Call of Duty Wiki | Fandom,Category
call_of_duty.john_mcclane,character_or_operator,call_of_duty,John McClane,https://callofduty.fandom.com/wiki/Category:Call_of_Duty:_Warzone_Operators,operators,Category:Call of Duty: Warzone Operators | Call of Duty Wiki | Fandom,Category
call_of_duty.john_price_reboot,character_or_operator,call_of_duty,John Price (Reboot),https://callofduty.fandom.com/wiki/Category:Call_of_Duty:_Warzone_Operators,operators,Category:Call of Duty: Warzone Operators | Call of Duty Wiki | Fandom,Category
call_of_duty.john_rambo,character_or_operator,call_of_duty,John Rambo,https://callofduty.fandom.com/wiki/Category:Call_of_Duty:_Warzone_Operators,operators,Category:Call of Duty: Warzone Operators | Call of Duty Wiki | Fandom,Category
call_of_duty.johnny_soap_mactavish,character_or_operator,call_of_duty,"Johnny ""Soap"" MacTavish",https://callofduty.fandom.com/wiki/Category:Call_of_Duty:_Warzone_Operators,operators,Category:Call of Duty: Warzone Operators | Call of Duty Wiki | Fandom,Category
call_of_duty.kaori_kitsune_tanaka,character_or_operator,call_of_duty,"Kaori ""Kitsune"" Tanaka",https://callofduty.fandom.com/wiki/Category:Call_of_Duty:_Warzone_Operators,operators,Category:Call of Duty: Warzone Operators | Call of Duty Wiki | Fandom,Category
call_of_duty.kapano_naga_vang,character_or_operator,call_of_duty,"Kapano ""Naga"" Vang",https://callofduty.fandom.com/wiki/Category:Call_of_Duty:_Warzone_Operators,operators,Category:Call of Duty: Warzone Operators | Call of Duty Wiki | Fandom,Category
call_of_duty.karla_rivas,character_or_operator,call_of_duty,Karla Rivas,https://callofduty.fandom.com/wiki/Category:Call_of_Duty:_Warzone_Operators,operators,Category:Call of Duty: Warzone Operators | Call of Duty Wiki | Fandom,Category
call_of_duty.khaled_al,character_or_operator,call_of_duty,Khaled Al,https://callofduty.fandom.com/wiki/Category:Call_of_Duty:_Warzone_Operators,operators,Category:Call of Duty: Warzone Operators | Call of Duty Wiki | Fandom,Category
call_of_duty.kim_tae_young,character_or_operator,call_of_duty,Kim Tae Young,https://callofduty.fandom.com/wiki/Category:Call_of_Duty:_Warzone_Operators,operators,Category:Call of Duty: Warzone Operators | Call of Duty Wiki | Fandom,Category
call_of_duty.kwan_song,character_or_operator,call_of_duty,Kwan Song,https://callofduty.fandom.com/wiki/Category:Call_of_Duty:_Warzone_Operators,operators,Category:Call of Duty: Warzone Operators | Call of Duty Wiki | Fandom,Category
call_of_duty.kyle_gaz_garrick,character_or_operator,call_of_duty,"Kyle ""Gaz"" Garrick",https://callofduty.fandom.com/wiki/Category:Call_of_Duty:_Warzone_Operators,operators,Category:Call of Duty: Warzone Operators | Call of Duty Wiki | Fandom,Category
call_of_duty.lawrence_sims,character_or_operator,call_of_duty,Lawrence Sims,https://callofduty.fandom.com/wiki/Category:Call_of_Duty:_Warzone_Operators,operators,Category:Call of Duty: Warzone Operators | Call of Duty Wiki | Fandom,Category
call_of_duty.lewis_howard,character_or_operator,call_of_duty,Lewis Howard,https://callofduty.fandom.com/wiki/Category:Call_of_Duty:_Warzone_Operators,operators,Category:Call of Duty: Warzone Operators | Call of Duty Wiki | Fandom,Category
call_of_duty.lucas_riggs,character_or_operator,call_of_duty,Lucas Riggs,https://callofduty.fandom.com/wiki/Category:Call_of_Duty:_Warzone_Operators,operators,Category:Call of Duty: Warzone Operators | Call of Duty Wiki | Fandom,Category
call_of_duty.mace,character_or_operator,call_of_duty,Mace,https://callofduty.fandom.com/wiki/Category:Call_of_Duty:_Warzone_Operators,operators,Category:Call of Duty: Warzone Operators | Call of Duty Wiki | Fandom,Category
call_of_duty.mara,character_or_operator,call_of_duty,Mara,https://callofduty.fandom.com/wiki/Category:Call_of_Duty:_Warzone_Operators,operators,Category:Call of Duty: Warzone Operators | Call of Duty Wiki | Fandom,Category
call_of_duty.marcus_griggs,character_or_operator,call_of_duty,Marcus Griggs,https://callofduty.fandom.com/wiki/Category:Call_of_Duty:_Warzone_Operators,operators,Category:Call of Duty: Warzone Operators | Call of Duty Wiki | Fandom,Category
call_of_duty.marcus_lerch_ortega,character_or_operator,call_of_duty,"Marcus ""Lerch"" Ortega",https://callofduty.fandom.com/wiki/Category:Call_of_Duty:_Warzone_Operators,operators,Category:Call of Duty: Warzone Operators | Call of Duty Wiki | Fandom,Category
call_of_duty.mateo_hernandez,character_or_operator,call_of_duty,Mateo Hernandez,https://callofduty.fandom.com/wiki/Category:Call_of_Duty:_Warzone_Operators,operators,Category:Call of Duty: Warzone Operators | Call of Duty Wiki | Fandom,Category
call_of_duty.maxim_antonov,character_or_operator,call_of_duty,Maxim Antonov,https://callofduty.fandom.com/wiki/Category:Call_of_Duty:_Warzone_Operators,operators,Category:Call of Duty: Warzone Operators | Call of Duty Wiki | Fandom,Category
call_of_duty.maxim_minotaur_bale,character_or_operator,call_of_duty,"Maxim ""Minotaur"" Bale",https://callofduty.fandom.com/wiki/Category:Call_of_Duty:_Warzone_Operators,operators,Category:Call of Duty: Warzone Operators | Call of Duty Wiki | Fandom,Category
call_of_duty.mendo_garcia,character_or_operator,call_of_duty,Mendo Garcia,https://callofduty.fandom.com/wiki/Category:Call_of_Duty:_Warzone_Operators,operators,Category:Call of Duty: Warzone Operators | Call of Duty Wiki | Fandom,Category
call_of_duty.mil,character_or_operator,call_of_duty,Mil,https://callofduty.fandom.com/wiki/Category:Call_of_Duty:_Warzone_Operators,operators,Category:Call of Duty: Warzone Operators | Call of Duty Wiki | Fandom,Category
call_of_duty.nikodim_rodion_egorov,character_or_operator,call_of_duty,"Nikodim ""Rodion"" Egorov",https://callofduty.fandom.com/wiki/Category:Call_of_Duty:_Warzone_Operators,operators,Category:Call of Duty: Warzone Operators | Call of Duty Wiki | Fandom,Category
call_of_duty.nikolai_reboot,character_or_operator,call_of_duty,Nikolai (Reboot),https://callofduty.fandom.com/wiki/Category:Call_of_Duty:_Warzone_Operators,operators,Category:Call of Duty: Warzone Operators | Call of Duty Wiki | Fandom,Category
call_of_duty.nikto,character_or_operator,call_of_duty,Nikto,https://callofduty.fandom.com/wiki/Category:Call_of_Duty:_Warzone_Operators,operators,Category:Call of Duty: Warzone Operators | Call of Duty Wiki | Fandom,Category
call_of_duty.operators,character_or_operator,call_of_duty,Operators,https://callofduty.fandom.com/wiki/Category:Call_of_Duty:_Warzone_Operators,operators,Category:Call of Duty: Warzone Operators | Call of Duty Wiki | Fandom,Category
call_of_duty.owethu_jackal_mabuza,character_or_operator,call_of_duty,"Owethu ""Jackal"" Mabuza",https://callofduty.fandom.com/wiki/Category:Call_of_Duty:_Warzone_Operators,operators,Category:Call of Duty: Warzone Operators | Call of Duty Wiki | Fandom,Category
call_of_duty.padmavati_balan,character_or_operator,call_of_duty,Padmavati Balan,https://callofduty.fandom.com/wiki/Category:Call_of_Duty:_Warzone_Operators,operators,Category:Call of Duty: Warzone Operators | Call of Duty Wiki | Fandom,Category
call_of_duty.polina_petrova,character_or_operator,call_of_duty,Polina Petrova,https://callofduty.fandom.com/wiki/Category:Call_of_Duty:_Warzone_Operators,operators,Category:Call of Duty: Warzone Operators | Call of Duty Wiki | Fandom,Category
call_of_duty.raul_menendez,character_or_operator,call_of_duty,Raul Menendez,https://callofduty.fandom.com/wiki/Category:Call_of_Duty:_Warzone_Operators,operators,Category:Call of Duty: Warzone Operators | Call of Duty Wiki | Fandom,Category
call_of_duty.roland_zeimet,character_or_operator,call_of_duty,Roland Zeimet,https://callofduty.fandom.com/wiki/Category:Call_of_Duty:_Warzone_Operators,operators,Category:Call of Duty: Warzone Operators | Call of Duty Wiki | Fandom,Category
call_of_duty.roman_knight_gray,character_or_operator,call_of_duty,"Roman ""Knight"" Gray",https://callofduty.fandom.com/wiki/Category:Call_of_Duty:_Warzone_Operators,operators,Category:Call of Duty: Warzone Operators | Call of Duty Wiki | Fandom,Category
call_of_duty.rozlin_roze_helms,character_or_operator,call_of_duty,"Rozlin ""Roze"" Helms",https://callofduty.fandom.com/wiki/Category:Call_of_Duty:_Warzone_Operators,operators,Category:Call of Duty: Warzone Operators | Call of Duty Wiki | Fandom,Category
call_of_duty.russell_adler,character_or_operator,call_of_duty,Russell Adler,https://callofduty.fandom.com/wiki/Category:Call_of_Duty:_Warzone_Operators,operators,Category:Call of Duty: Warzone Operators | Call of Duty Wiki | Fandom,Category
call_of_duty.samantha_maxis,character_or_operator,call_of_duty,Samantha Maxis,https://callofduty.fandom.com/wiki/Category:Call_of_Duty:_Warzone_Operators,operators,Category:Call of Duty: Warzone Operators | Call of Duty Wiki | Fandom,Category
call_of_duty.sebastian_krueger_modern_warfare,character_or_operator,call_of_duty,Sebastian Krueger (Modern Warfare),https://callofduty.fandom.com/wiki/Category:Call_of_Duty:_Warzone_Operators,operators,Category:Call of Duty: Warzone Operators | Call of Duty Wiki | Fandom,Category
call_of_duty.sebastian_vargas,character_or_operator,call_of_duty,Sebastian Vargas,https://callofduty.fandom.com/wiki/Category:Call_of_Duty:_Warzone_Operators,operators,Category:Call of Duty: Warzone Operators | Call of Duty Wiki | Fandom,Category
call_of_duty.sergio_morte_sulla,character_or_operator,call_of_duty,"Sergio ""Morte"" Sulla",https://callofduty.fandom.com/wiki/Category:Call_of_Duty:_Warzone_Operators,operators,Category:Call of Duty: Warzone Operators | Call of Duty Wiki | Fandom,Category
call_of_duty.shane_sparks,character_or_operator,call_of_duty,Shane Sparks,https://callofduty.fandom.com/wiki/Category:Call_of_Duty:_Warzone_Operators,operators,Category:Call of Duty: Warzone Operators | Call of Duty Wiki | Fandom,Category
call_of_duty.shigenori_ota,character_or_operator,call_of_duty,Shigenori Ota,https://callofduty.fandom.com/wiki/Category:Call_of_Duty:_Warzone_Operators,operators,Category:Call of Duty: Warzone Operators | Call of Duty Wiki | Fandom,Category
call_of_duty.simon_ghost_riley_reboot,character_or_operator,call_of_duty,"Simon ""Ghost"" Riley (Reboot)",https://callofduty.fandom.com/wiki/Category:Call_of_Duty:_Warzone_Operators,operators,Category:Call of Duty: Warzone Operators | Call of Duty Wiki | Fandom,Category
call_of_duty.snoop_dogg,character_or_operator,call_of_duty,Snoop Dogg,https://callofduty.fandom.com/wiki/Category:Call_of_Duty:_Warzone_Operators,operators,Category:Call of Duty: Warzone Operators | Call of Duty Wiki | Fandom,Category
call_of_duty.solange_hardewijk,character_or_operator,call_of_duty,Solange Hardewijk,https://callofduty.fandom.com/wiki/Category:Call_of_Duty:_Warzone_Operators,operators,Category:Call of Duty: Warzone Operators | Call of Duty Wiki | Fandom,Category
call_of_duty.sydney_syd,character_or_operator,call_of_duty,"Sydney ""Syd""",https://callofduty.fandom.com/wiki/Category:Call_of_Duty:_Warzone_Operators,operators,Category:Call of Duty: Warzone Operators | Call of Duty Wiki | Fandom,Category
call_of_duty.talon_operator,character_or_operator,call_of_duty,Talon (Operator),https://callofduty.fandom.com/wiki/Category:Call_of_Duty:_Warzone_Operators,operators,Category:Call of Duty: Warzone Operators | Call of Duty Wiki | Fandom,Category
call_of_duty.terrell_wolf,character_or_operator,call_of_duty,Terrell Wolf,https://callofduty.fandom.com/wiki/Category:Call_of_Duty:_Warzone_Operators,operators,Category:Call of Duty: Warzone Operators | Call of Duty Wiki | Fandom,Category
call_of_duty.thomas_bolt,character_or_operator,call_of_duty,Thomas Bolt,https://callofduty.fandom.com/wiki/Category:Call_of_Duty:_Warzone_Operators,operators,Category:Call of Duty: Warzone Operators | Call of Duty Wiki | Fandom,Category
call_of_duty.velikan,character_or_operator,call_of_duty,Velikan,https://callofduty.fandom.com/wiki/Category:Call_of_Duty:_Warzone_Operators,operators,Category:Call of Duty: Warzone Operators | Call of Duty Wiki | Fandom,Category
call_of_duty.vikhor_stitch_kuzmin,character_or_operator,call_of_duty,"Vikhor ""Stitch"" Kuzmin",https://callofduty.fandom.com/wiki/Category:Call_of_Duty:_Warzone_Operators,operators,Category:Call of Duty: Warzone Operators | Call of Duty Wiki | Fandom,Category
call_of_duty.viktor_zane_metiko,character_or_operator,call_of_duty,"Viktor ""Zane"" Metiko",https://callofduty.fandom.com/wiki/Category:Call_of_Duty:_Warzone_Operators,operators,Category:Call of Duty: Warzone Operators | Call of Duty Wiki | Fandom,Category
call_of_duty.wade_jackson,character_or_operator,call_of_duty,Wade Jackson,https://callofduty.fandom.com/wiki/Category:Call_of_Duty:_Warzone_Operators,operators,Category:Call of Duty: Warzone Operators | Call of Duty Wiki | Fandom,Category
call_of_duty.wayne_d,character_or_operator,call_of_duty,"Wayne ""D",https://callofduty.fandom.com/wiki/Category:Call_of_Duty:_Warzone_Operators,operators,Category:Call of Duty: Warzone Operators | Call of Duty Wiki | Fandom,Category
call_of_duty.wyatt_bulldozer_jones,character_or_operator,call_of_duty,"Wyatt ""Bulldozer"" Jones",https://callofduty.fandom.com/wiki/Category:Call_of_Duty:_Warzone_Operators,operators,Category:Call of Duty: Warzone Operators | Call of Duty Wiki | Fandom,Category
call_of_duty.yegor_novak,character_or_operator,call_of_duty,Yegor Novak,https://callofduty.fandom.com/wiki/Category:Call_of_Duty:_Warzone_Operators,operators,Category:Call of Duty: Warzone Operators | Call of Duty Wiki | Fandom,Category
call_of_duty.yirina_portnova,character_or_operator,call_of_duty,Yirina Portnova,https://callofduty.fandom.com/wiki/Category:Call_of_Duty:_Warzone_Operators,operators,Category:Call of Duty: Warzone Operators | Call of Duty Wiki | Fandom,Category
call_of_duty.zeyna_ossou,character_or_operator,call_of_duty,Zeyna Ossou,https://callofduty.fandom.com/wiki/Category:Call_of_Duty:_Warzone_Operators,operators,Category:Call of Duty: Warzone Operators | Call of Duty Wiki | Fandom,Category
