event_id,game_id,display_name,source_page_url,source_role,source_title,section_heading
call_of_duty.a_big_game_bounty_contract_marks_a_player_with_a_high_elimination_count_to_be_eliminated_in_a_limited_time_the_contract_is_shown_on_the_tac_map_at_the_end_of_the_first_playzone_and_will_not_target_the_same_player_several_times_in_a_row,call_of_duty,A Big Game Bounty contract marks a player with a high elimination count to be eliminated in a limited time. The contract is shown on the Tac Map at the end of the first playzone and will not target the same player several times in a row.,https://callofduty.fandom.com/wiki/Call_of_Duty:_Warzone,events,Call of Duty: Warzone | Call of Duty Wiki | Fandom,Contracts[]
call_of_duty.a_bounty_contract_tasks_the_team_with_killing_a_specific_player_who_is_marked_by_a_yellow_circle_revealing_their_approximate_position_on_the_map_when_a_player_is_marked_as_a_bounty_target_they_and_their_team_can_see_a_bar_on_their_heads,call_of_duty,"A Bounty contract tasks the team with killing a specific player, who is marked by a yellow circle revealing their approximate position on the map. When a player is marked as a bounty target, they and their team can see a bar on their heads",https://callofduty.fandom.com/wiki/Call_of_Duty:_Warzone,events,Call of Duty: Warzone | Call of Duty Wiki | Fandom,Contracts[]
call_of_duty.a_cctv_near_metro_exits_may_have_spotted_something,call_of_duty,A CCTV near metro exits may have spotted something...,https://callofduty.fandom.com/wiki/Call_of_Duty:_Warzone,events,Call of Duty: Warzone | Call of Duty Wiki | Fandom,Intel Missions[]
call_of_duty.a_contraband_contract_has_a_small_chance_of_occurring_after_completing_any_of_the_aforementioned_contracts_among_the_loot_the_team_is_rewarded_with_contraband_will_spawn_appearing_as_a_bright_blue_suitcase_it_must_be_picked_up_and_brought_to_a_highlighted_point_for_helicopter_extraction_within_a_time_limit_this_contract_rewards_the_team_with_an_unlock_for_one_of_many_unique_weapon_blueprints,call_of_duty,"A Contraband contract has a small chance of occurring after completing any of the aforementioned contracts. Among the loot the team is rewarded with, Contraband will spawn, appearing as a bright blue suitcase. It must be picked up and brought to a highlighted point for helicopter extraction within a time limit. This contract rewards the team with an unlock for one of many unique weapon blueprints.",https://callofduty.fandom.com/wiki/Call_of_Duty:_Warzone,events,Call of Duty: Warzone | Call of Duty Wiki | Fandom,Contracts[]
call_of_duty.a_corrupted_image_could_give_a_clearer_picture,call_of_duty,A corrupted image could give a clearer picture...,https://callofduty.fandom.com/wiki/Call_of_Duty:_Warzone,events,Call of Duty: Warzone | Call of Duty Wiki | Fandom,Intel Missions[]
call_of_duty.a_downed_aircraft_tried_to_contact_arklov_air_force_base,call_of_duty,A downed aircraft tried to contact Arklov Air Force base...,https://callofduty.fandom.com/wiki/Call_of_Duty:_Warzone,events,Call of Duty: Warzone | Call of Duty Wiki | Fandom,Intel Missions[]
call_of_duty.a_hidden_code_was_found_in_the_prison,call_of_duty,A hidden code was found in the prison...,https://callofduty.fandom.com/wiki/Call_of_Duty:_Warzone,events,Call of Duty: Warzone | Call of Duty Wiki | Fandom,Intel Missions[]
call_of_duty.a_meeting_took_place_downtown,call_of_duty,A meeting took place downtown...,https://callofduty.fandom.com/wiki/Call_of_Duty:_Warzone,events,Call of Duty: Warzone | Call of Duty Wiki | Fandom,Intel Missions[]
call_of_duty.a_most_wanted_contract_marks_its_user_for_all_enemies_to_see_offering_a_reward_to_any_player_who_can_eliminate_them_in_a_limited_time_letting_the_time_run_out_completes_the_contract_rewarding_the_player_and_their_team_with_cash_as_well_as_redeploying_any_eliminated_teammates,call_of_duty,"A Most Wanted contract marks its user for all enemies to see, offering a reward to any player who can eliminate them in a limited time. Letting the time run out completes the contract, rewarding the player and their team with Cash as well as redeploying any eliminated teammates.",https://callofduty.fandom.com/wiki/Call_of_Duty:_Warzone,events,Call of Duty: Warzone | Call of Duty Wiki | Fandom,Contracts[]
call_of_duty.a_prisoner_in_the_gulag_had_intel_on_the_chemical_s_origins,call_of_duty,A prisoner in the gulag had intel on the chemical's origins...,https://callofduty.fandom.com/wiki/Call_of_Duty:_Warzone,events,Call of Duty: Warzone | Call of Duty Wiki | Fandom,Intel Missions[]
call_of_duty.a_radiological_threat_was_detected,call_of_duty,A radiological threat was detected...,https://callofduty.fandom.com/wiki/Call_of_Duty:_Warzone,events,Call of Duty: Warzone | Call of Duty Wiki | Fandom,Intel Missions[]
call_of_duty.a_recon_contract_will_have_the_team_capture_a_set_point_in_the_map_by_standing_near_it_similar_to_a_point_in_domination_completing_the_contract_will_give_the_team_one_circle_peek_doing_more_recon_contracts_can_give_additional_circle_peeks_until_the_final_circle_is_revealed,call_of_duty,"A Recon contract will have the team capture a set point in the map by standing near it, similar to a point in Domination . Completing the contract will give the team one circle peek. Doing more Recon contracts can give additional circle peeks, until the final circle is revealed.",https://callofduty.fandom.com/wiki/Call_of_Duty:_Warzone,events,Call of Duty: Warzone | Call of Duty Wiki | Fandom,Contracts[]
call_of_duty.a_scavenger_contract_will_mark_3_supply_boxes_located_near_the_player_s_location_one_at_a_time_and_task_the_team_with_looting_each_in_a_limited_time_an_armor_satchel_is_guaranteed_in_the_final_supply_box,call_of_duty,"A Scavenger contract will mark 3 Supply Boxes located near the player's location, one at a time, and task the team with looting each in a limited time. An Armor Satchel is guaranteed in the final supply box.",https://callofduty.fandom.com/wiki/Call_of_Duty:_Warzone,events,Call of Duty: Warzone | Call of Duty Wiki | Fandom,Contracts[]
call_of_duty.a_secret_code_could_open_new_doors,call_of_duty,A secret code could open new doors...,https://callofduty.fandom.com/wiki/Call_of_Duty:_Warzone,events,Call of Duty: Warzone | Call of Duty Wiki | Fandom,Intel Missions[]
call_of_duty.a_shipment_came_from_the_radiological_lab,call_of_duty,A shipment came from the radiological lab...,https://callofduty.fandom.com/wiki/Call_of_Duty:_Warzone,events,Call of Duty: Warzone | Call of Duty Wiki | Fandom,Intel Missions[]
call_of_duty.a_shipment_was_moved_from_the_metro,call_of_duty,A shipment was moved from the metro...,https://callofduty.fandom.com/wiki/Call_of_Duty:_Warzone,events,Call of Duty: Warzone | Call of Duty Wiki | Fandom,Intel Missions[]
call_of_duty.a_sketch_could_provide_a_monumental_clue,call_of_duty,A sketch could provide a monumental clue...,https://callofduty.fandom.com/wiki/Call_of_Duty:_Warzone,events,Call of Duty: Warzone | Call of Duty Wiki | Fandom,Intel Missions[]
call_of_duty.a_supply_drop_contract_marks_an_area_for_a_supply_crate_filled_with_loot_and_with_the_exact_location_only_highlighted_for_the_team_which_activated_the_active_contract_the_green_smoke_of_the_marker_can_still_be_viewed_by_other_teams,call_of_duty,A Supply Drop contract marks an area for a Supply Crate filled with loot and with the exact location only highlighted for the team which activated the active contract. The green smoke of the marker can still be viewed by other teams.,https://callofduty.fandom.com/wiki/Call_of_Duty:_Warzone,events,Call of Duty: Warzone | Call of Duty Wiki | Fandom,Contracts[]
call_of_duty.a_supply_run_contract_will_have_the_team_travel_to_a_marked_buy_station_approximately_500m_away_in_a_limited_time_upon_completion_each_team_member_will_be_able_to_purchase_one_discounted_item_or_get_a_self_revive_kit_or_revive_a_teammate_for_free,call_of_duty,"A Supply Run contract will have the team travel to a marked Buy Station approximately 500m away in a limited time. Upon completion, each team member will be able to purchase one discounted item, or get a Self Revive Kit or revive a teammate for free.",https://callofduty.fandom.com/wiki/Call_of_Duty:_Warzone,events,Call of Duty: Warzone | Call of Duty Wiki | Fandom,Contracts[]
call_of_duty.a_team_was_ambushed_at_the_train_station,call_of_duty,A team was ambushed at the train station...,https://callofduty.fandom.com/wiki/Call_of_Duty:_Warzone,events,Call of Duty: Warzone | Call of Duty Wiki | Fandom,Intel Missions[]
call_of_duty.a_threat_revealed,call_of_duty,A threat revealed.,https://callofduty.fandom.com/wiki/Call_of_Duty:_Warzone,events,Call of Duty: Warzone | Call of Duty Wiki | Fandom,Intel Missions[]
call_of_duty.a_top_secret_contract_will_randomly_select_one_of_the_other_contracts_to_be_completed_with_increased_rewards,call_of_duty,"A [TOP SECRET] contract will randomly select one of the other contracts to be completed, with increased rewards.",https://callofduty.fandom.com/wiki/Call_of_Duty:_Warzone,events,Call of Duty: Warzone | Call of Duty Wiki | Fandom,Contracts[]
call_of_duty.active_measures_fueled_the_conflict,call_of_duty,Active measures fueled the conflict...,https://callofduty.fandom.com/wiki/Call_of_Duty:_Warzone,events,Call of Duty: Warzone | Call of Duty Wiki | Fandom,Intel Missions[]
call_of_duty.aerial_pursuit_epic_calling_card,call_of_duty,"""Aerial Pursuit"" Epic Calling Card",https://callofduty.fandom.com/wiki/Call_of_Duty:_Warzone,events,Call of Duty: Warzone | Call of Duty Wiki | Fandom,Vanguard[]
call_of_duty.all,call_of_duty,"""All",https://callofduty.fandom.com/wiki/Call_of_Duty:_Warzone,events,Call of Duty: Warzone | Call of Duty Wiki | Fandom,Vanguard[]
call_of_duty.an_armistice_group_was_stationed_at_the_torsky_housing_area,call_of_duty,An Armistice group was stationed at the Torsky Housing Area...,https://callofduty.fandom.com/wiki/Call_of_Duty:_Warzone,events,Call of Duty: Warzone | Call of Duty Wiki | Fandom,Intel Missions[]
call_of_duty.an_enemy_laptop_could_supply_intel_require_spotter,call_of_duty,An enemy laptop could supply intel... (Require Spotter),https://callofduty.fandom.com/wiki/Call_of_Duty:_Warzone,events,Call of Duty: Warzone | Call of Duty Wiki | Fandom,Intel Missions[]
call_of_duty.ancient_ruins_legendary_dp27_weapon_blueprint,call_of_duty,"""Ancient Ruins"" Legendary DP27 Weapon Blueprint",https://callofduty.fandom.com/wiki/Call_of_Duty:_Warzone,events,Call of Duty: Warzone | Call of Duty Wiki | Fandom,Vanguard[]
call_of_duty.arm_3,call_of_duty,ARM 3,https://callofduty.fandom.com/wiki/Call_of_Duty:_Warzone,events,Call of Duty: Warzone | Call of Duty Wiki | Fandom,Intel Missions[]
call_of_duty.armor_box,call_of_duty,Armor Box,https://callofduty.fandom.com/wiki/Call_of_Duty:_Warzone,events,Call of Duty: Warzone | Call of Duty Wiki | Fandom,Buy Station[]
call_of_duty.armor_plate_bundle,call_of_duty,Armor Plate Bundle,https://callofduty.fandom.com/wiki/Call_of_Duty:_Warzone,events,Call of Duty: Warzone | Call of Duty Wiki | Fandom,Buy Station[]
call_of_duty.armored_vehicle_epic_calling_card,call_of_duty,"""Armored Vehicle"" Epic Calling Card",https://callofduty.fandom.com/wiki/Call_of_Duty:_Warzone,events,Call of Duty: Warzone | Call of Duty Wiki | Fandom,Black Ops Cold War[]
call_of_duty.authoritarian_epic_ffar_1_weapon_blueprint,call_of_duty,"""Authoritarian"" Epic FFAR 1 Weapon Blueprint",https://callofduty.fandom.com/wiki/Call_of_Duty:_Warzone,events,Call of Duty: Warzone | Call of Duty Wiki | Fandom,Black Ops Cold War[]
call_of_duty.ball_and_chain_epic_weapon_charm,call_of_duty,"""Ball and Chain"" Epic Weapon Charm",https://callofduty.fandom.com/wiki/Call_of_Duty:_Warzone,events,Call of Duty: Warzone | Call of Duty Wiki | Fandom,Modern Warfare[]
call_of_duty.battle_royale,call_of_duty,Battle Royale,https://callofduty.fandom.com/wiki/Call_of_Duty:_Warzone,events,Call of Duty: Warzone | Call of Duty Wiki | Fandom,Buy Station[]
call_of_duty.battleroyale_icon_vg_wz,call_of_duty,BattleRoyale Icon VG WZ,https://callofduty.fandom.com/wiki/Call_of_Duty:_Warzone,events,Call of Duty: Warzone | Call of Duty Wiki | Fandom,Battle Royale[]
call_of_duty.bear_trap_epic_weapon_charm,call_of_duty,"""Bear Trap"" Epic Weapon Charm",https://callofduty.fandom.com/wiki/Call_of_Duty:_Warzone,events,Call of Duty: Warzone | Call of Duty Wiki | Fandom,Modern Warfare[]
call_of_duty.begin_the_search_for_the_uav,call_of_duty,Begin the search for the UAV.,https://callofduty.fandom.com/wiki/Call_of_Duty:_Warzone,events,Call of Duty: Warzone | Call of Duty Wiki | Fandom,Intel Missions[]
call_of_duty.black_ops_cold_war,call_of_duty,Black Ops Cold War[],https://callofduty.fandom.com/wiki/Call_of_Duty:_Warzone,events,Call of Duty: Warzone | Call of Duty Wiki | Fandom,Black Ops Cold War[]
call_of_duty.blood_moon_legendary_emblem,call_of_duty,"""Blood Moon"" Legendary Emblem",https://callofduty.fandom.com/wiki/Call_of_Duty:_Warzone,events,Call of Duty: Warzone | Call of Duty Wiki | Fandom,Black Ops Cold War[]
call_of_duty.blue_glitz_legendary_einhorn_revolving_weapon_blueprint,call_of_duty,"""Blue Glitz"" Legendary Einhorn Revolving Weapon Blueprint",https://callofduty.fandom.com/wiki/Call_of_Duty:_Warzone,events,Call of Duty: Warzone | Call of Duty Wiki | Fandom,Vanguard[]
call_of_duty.body_work_epic_emblem,call_of_duty,"""Body Work"" Epic Emblem",https://callofduty.fandom.com/wiki/Call_of_Duty:_Warzone,events,Call of Duty: Warzone | Call of Duty Wiki | Fandom,Black Ops Cold War[]
call_of_duty.bomb_rider_epic_weapon_sticker,call_of_duty,"""Bomb Rider"" Epic Weapon Sticker",https://callofduty.fandom.com/wiki/Call_of_Duty:_Warzone,events,Call of Duty: Warzone | Call of Duty Wiki | Fandom,Vanguard[]
call_of_duty.boonie_epic_knife_weapon_blueprint,call_of_duty,"""Boonie"" Epic Knife Weapon Blueprint",https://callofduty.fandom.com/wiki/Call_of_Duty:_Warzone,events,Call of Duty: Warzone | Call of Duty Wiki | Fandom,Black Ops Cold War[]
call_of_duty.box_cutter_epic_combat_knife_weapon_blueprint,call_of_duty,"""Box Cutter"" Epic Combat Knife Weapon Blueprint",https://callofduty.fandom.com/wiki/Call_of_Duty:_Warzone,events,Call of Duty: Warzone | Call of Duty Wiki | Fandom,Modern Warfare[]
call_of_duty.broadcast_the_abort_code_from_downtown,call_of_duty,Broadcast the abort code from downtown...,https://callofduty.fandom.com/wiki/Call_of_Duty:_Warzone,events,Call of Duty: Warzone | Call of Duty Wiki | Fandom,Intel Missions[]
call_of_duty.bunker_09,call_of_duty,Bunker 09,https://callofduty.fandom.com/wiki/Call_of_Duty:_Warzone,events,Call of Duty: Warzone | Call of Duty Wiki | Fandom,Bunkers[]
call_of_duty.bushwacker_legendary_padmavati_operator_skin,call_of_duty,"""Bushwacker"" Legendary Padmavati Operator Skin",https://callofduty.fandom.com/wiki/Call_of_Duty:_Warzone,events,Call of Duty: Warzone | Call of Duty Wiki | Fandom,Vanguard[]
call_of_duty.caldera_after_the_november_28th_2022_relaunch,call_of_duty,"Caldera after the November 28th, 2022 relaunch.",https://callofduty.fandom.com/wiki/Call_of_Duty:_Warzone,events,Call of Duty: Warzone | Call of Duty Wiki | Fandom,Caldera[]
call_of_duty.caldera_at_launch_during_season_one_of_vanguard,call_of_duty,Caldera at launch during Season One of Vanguard.,https://callofduty.fandom.com/wiki/Call_of_Duty:_Warzone,events,Call of Duty: Warzone | Call of Duty Wiki | Fandom,Caldera[]
call_of_duty.caldera_during_season_five_of_vanguard,call_of_duty,Caldera during Season Five of Vanguard.,https://callofduty.fandom.com/wiki/Call_of_Duty:_Warzone,events,Call of Duty: Warzone | Call of Duty Wiki | Fandom,Caldera[]
call_of_duty.caldera_during_season_four_of_vanguard,call_of_duty,Caldera during Season Four of Vanguard.,https://callofduty.fandom.com/wiki/Call_of_Duty:_Warzone,events,Call of Duty: Warzone | Call of Duty Wiki | Fandom,Caldera[]
call_of_duty.caldera_during_season_three_of_vanguard,call_of_duty,Caldera during Season Three of Vanguard.,https://callofduty.fandom.com/wiki/Call_of_Duty:_Warzone,events,Call of Duty: Warzone | Call of Duty Wiki | Fandom,Caldera[]
call_of_duty.caldera_during_season_two_of_vanguard,call_of_duty,Caldera during Season Two of Vanguard.,https://callofduty.fandom.com/wiki/Call_of_Duty:_Warzone,events,Call of Duty: Warzone | Call of Duty Wiki | Fandom,Caldera[]
call_of_duty.call_of_duty,call_of_duty,Call of Duty,https://callofduty.fandom.com/wiki/Call_of_Duty:_Warzone,events,Call of Duty: Warzone | Call of Duty Wiki | Fandom,Call of Duty: Modern Warfare|Warzone[]
call_of_duty.call_of_duty_hq_social_icon,call_of_duty,Call of Duty HQ Social Icon.,https://callofduty.fandom.com/wiki/Call_of_Duty:_Warzone,events,Call of Duty: Warzone | Call of Duty Wiki | Fandom,Call of Duty: Modern Warfare|Warzone[]
call_of_duty.cargo_may_have_arrived_via_ports_of_entry,call_of_duty,Cargo may have arrived via ports of entry.,https://callofduty.fandom.com/wiki/Call_of_Duty:_Warzone,events,Call of Duty: Warzone | Call of Duty Wiki | Fandom,Intel Missions[]
call_of_duty.checkout_epic_emblem,call_of_duty,"""Checkout"" Epic Emblem",https://callofduty.fandom.com/wiki/Call_of_Duty:_Warzone,events,Call of Duty: Warzone | Call of Duty Wiki | Fandom,Modern Warfare[]
call_of_duty.chosen_cog_epic_weapon_sticker,call_of_duty,"""Chosen Cog"" Epic Weapon Sticker",https://callofduty.fandom.com/wiki/Call_of_Duty:_Warzone,events,Call of Duty: Warzone | Call of Duty Wiki | Fandom,Black Ops Cold War[]
call_of_duty.cigars_epic_weapon_charm,call_of_duty,"""Cigars"" Epic Weapon Charm",https://callofduty.fandom.com/wiki/Call_of_Duty:_Warzone,events,Call of Duty: Warzone | Call of Duty Wiki | Fandom,Black Ops Cold War[]
call_of_duty.cluster_strike,call_of_duty,Cluster Strike,https://callofduty.fandom.com/wiki/Call_of_Duty:_Warzone,events,Call of Duty: Warzone | Call of Duty Wiki | Fandom,Buy Station[]
call_of_duty.comandante_epic_garcia_operator_skin,call_of_duty,"""Comandante"" Epic Garcia Operator Skin",https://callofduty.fandom.com/wiki/Call_of_Duty:_Warzone,events,Call of Duty: Warzone | Call of Duty Wiki | Fandom,Black Ops Cold War[]
call_of_duty.combat_fatigue_epic_weapon_charm,call_of_duty,"""Combat Fatigue"" Epic Weapon Charm",https://callofduty.fandom.com/wiki/Call_of_Duty:_Warzone,events,Call of Duty: Warzone | Call of Duty Wiki | Fandom,Vanguard[]
call_of_duty.combined_logo_used_in_conjunction_with_call_of_duty,call_of_duty,Combined logo used in conjunction with Call of Duty,https://callofduty.fandom.com/wiki/Call_of_Duty:_Warzone,events,Call of Duty: Warzone | Call of Duty Wiki | Fandom,Call of Duty: Modern Warfare|Warzone[]
call_of_duty.common_no_attachment_included,call_of_duty,Common (No attachment included),https://callofduty.fandom.com/wiki/Call_of_Duty:_Warzone,events,Call of Duty: Warzone | Call of Duty Wiki | Fandom,Weapon Tiers[]
call_of_duty.communication_interference_tracked_to_western_bunker,call_of_duty,Communication interference tracked to Western bunker...,https://callofduty.fandom.com/wiki/Call_of_Duty:_Warzone,events,Call of Duty: Warzone | Call of Duty Wiki | Fandom,Intel Missions[]
call_of_duty.communications_went_down_before_the_attack_follow_the_trail,call_of_duty,Communications went down before the attack. Follow the trail...,https://callofduty.fandom.com/wiki/Call_of_Duty:_Warzone,events,Call of Duty: Warzone | Call of Duty Wiki | Fandom,Intel Missions[]
call_of_duty.computer_system_after_rebooted,call_of_duty,Computer system after rebooted.,https://callofduty.fandom.com/wiki/Call_of_Duty:_Warzone,events,Call of Duty: Warzone | Call of Duty Wiki | Fandom,Bunkers[]
call_of_duty.computer_waiting_for_a_reboot_in_bunker_11,call_of_duty,Computer waiting for a reboot in Bunker 11.,https://callofduty.fandom.com/wiki/Call_of_Duty:_Warzone,events,Call of Duty: Warzone | Call of Duty Wiki | Fandom,Bunkers[]
call_of_duty.covert_operation_epic_calling_card,call_of_duty,"""Covert Operation"" Epic Calling Card",https://callofduty.fandom.com/wiki/Call_of_Duty:_Warzone,events,Call of Duty: Warzone | Call of Duty Wiki | Fandom,Modern Warfare[]
call_of_duty.cyber_skull_epic_emblem,call_of_duty,"""Cyber Skull"" Epic Emblem",https://callofduty.fandom.com/wiki/Call_of_Duty:_Warzone,events,Call of Duty: Warzone | Call of Duty Wiki | Fandom,Black Ops Cold War[]
call_of_duty.dead_pharaoh_legendary_rpd_weapon_blueprint,call_of_duty,"""Dead Pharaoh"" Legendary RPD Weapon Blueprint",https://callofduty.fandom.com/wiki/Call_of_Duty:_Warzone,events,Call of Duty: Warzone | Call of Duty Wiki | Fandom,Black Ops Cold War[]
call_of_duty.direct_impact_epic_calling_card,call_of_duty,"""Direct Impact"" Epic Calling Card",https://callofduty.fandom.com/wiki/Call_of_Duty:_Warzone,events,Call of Duty: Warzone | Call of Duty Wiki | Fandom,Vanguard[]
call_of_duty.don_t_back_down_epic_calling_card,call_of_duty,"""Don't Back Down"" Epic Calling Card",https://callofduty.fandom.com/wiki/Call_of_Duty:_Warzone,events,Call of Duty: Warzone | Call of Duty Wiki | Fandom,Modern Warfare[]
call_of_duty.down_in_blazes_legendary_calling_card,call_of_duty,"""Down In Blazes"" Legendary Calling Card",https://callofduty.fandom.com/wiki/Call_of_Duty:_Warzone,events,Call of Duty: Warzone | Call of Duty Wiki | Fandom,Black Ops Cold War[]
call_of_duty.dune_sentry_epic_emblem,call_of_duty,"""Dune Sentry"" Epic Emblem",https://callofduty.fandom.com/wiki/Call_of_Duty:_Warzone,events,Call of Duty: Warzone | Call of Duty Wiki | Fandom,Black Ops Cold War[]
call_of_duty.dune_whisper_epic_pelington_703_weapon_blueprint,call_of_duty,"""Dune Whisper"" Epic Pelington 703 Weapon Blueprint",https://callofduty.fandom.com/wiki/Call_of_Duty:_Warzone,events,Call of Duty: Warzone | Call of Duty Wiki | Fandom,Black Ops Cold War[]
call_of_duty.dusk_legendary_calling_card,call_of_duty,"""Dusk"" Legendary Calling Card",https://callofduty.fandom.com/wiki/Call_of_Duty:_Warzone,events,Call of Duty: Warzone | Call of Duty Wiki | Fandom,Black Ops Cold War[]
call_of_duty.endurance_epic_baker_operator_skin,call_of_duty,"""Endurance"" Epic Baker Operator Skin",https://callofduty.fandom.com/wiki/Call_of_Duty:_Warzone,events,Call of Duty: Warzone | Call of Duty Wiki | Fandom,Black Ops Cold War[]
call_of_duty.epic_4_attachments,call_of_duty,Epic (4 attachments),https://callofduty.fandom.com/wiki/Call_of_Duty:_Warzone,events,Call of Duty: Warzone | Call of Duty Wiki | Fandom,Weapon Tiers[]
call_of_duty.evacuations_were_underway,call_of_duty,Evacuations were underway...,https://callofduty.fandom.com/wiki/Call_of_Duty:_Warzone,events,Call of Duty: Warzone | Call of Duty Wiki | Fandom,Intel Missions[]
call_of_duty.excess_chemicals_were_being_stored,call_of_duty,Excess chemicals were being stored...,https://callofduty.fandom.com/wiki/Call_of_Duty:_Warzone,events,Call of Duty: Warzone | Call of Duty Wiki | Fandom,Intel Missions[]
call_of_duty.expeditionary_force_legendary_double_barrel_weapon_blueprint,call_of_duty,"""Expeditionary Force"" Legendary Double Barrel Weapon Blueprint",https://callofduty.fandom.com/wiki/Call_of_Duty:_Warzone,events,Call of Duty: Warzone | Call of Duty Wiki | Fandom,Vanguard[]
call_of_duty.fallen_brush_epic_watch,call_of_duty,"""Fallen Brush"" Epic Watch",https://callofduty.fandom.com/wiki/Call_of_Duty:_Warzone,events,Call of Duty: Warzone | Call of Duty Wiki | Fandom,Black Ops Cold War[]
call_of_duty.find_the_location_in_the_message_ghost_sent_you,call_of_duty,Find the location in the message Ghost sent you.,https://callofduty.fandom.com/wiki/Call_of_Duty:_Warzone,events,Call of Duty: Warzone | Call of Duty Wiki | Fandom,Intel Missions[]
call_of_duty.find_the_source_of_back,call_of_duty,Find the source of back,https://callofduty.fandom.com/wiki/Call_of_Duty:_Warzone,events,Call of Duty: Warzone | Call of Duty Wiki | Fandom,Intel Missions[]
call_of_duty.first_wave_legendary_wade_operator_skin,call_of_duty,"""First Wave"" Legendary Wade Operator Skin",https://callofduty.fandom.com/wiki/Call_of_Duty:_Warzone,events,Call of Duty: Warzone | Call of Duty Wiki | Fandom,Vanguard[]
call_of_duty.florentine_cover_legendary_constanze_operator_skin,call_of_duty,"""Florentine Cover"" Legendary Constanze Operator Skin",https://callofduty.fandom.com/wiki/Call_of_Duty:_Warzone,events,Call of Duty: Warzone | Call of Duty Wiki | Fandom,Vanguard[]
call_of_duty.follow_the_trail_left_by_arm_3,call_of_duty,Follow the trail left by ARM 3,https://callofduty.fandom.com/wiki/Call_of_Duty:_Warzone,events,Call of Duty: Warzone | Call of Duty Wiki | Fandom,Intel Missions[]
call_of_duty.fortune_s_keep_at_launch,call_of_duty,Fortune's Keep at launch.,https://callofduty.fandom.com/wiki/Call_of_Duty:_Warzone,events,Call of Duty: Warzone | Call of Duty Wiki | Fandom,Fortune's Keep[]
call_of_duty.fractured,call_of_duty,Fractured,https://callofduty.fandom.com/wiki/Call_of_Duty:_Warzone,events,Call of Duty: Warzone | Call of Duty Wiki | Fandom,Intel Missions[]
call_of_duty.gas_mask,call_of_duty,Gas Mask,https://callofduty.fandom.com/wiki/Call_of_Duty:_Warzone,events,Call of Duty: Warzone | Call of Duty Wiki | Fandom,Buy Station[]
call_of_duty.german_tourism_epic_weapon_sticker,call_of_duty,"""German Tourism"" Epic Weapon Sticker",https://callofduty.fandom.com/wiki/Call_of_Duty:_Warzone,events,Call of Duty: Warzone | Call of Duty Wiki | Fandom,Vanguard[]
call_of_duty.ghost_tracked_arm_3,call_of_duty,Ghost tracked ARM 3,https://callofduty.fandom.com/wiki/Call_of_Duty:_Warzone,events,Call of Duty: Warzone | Call of Duty Wiki | Fandom,Intel Missions[]
call_of_duty.gold_hawk_legendary_welgun_weapon_blueprint,call_of_duty,"""Gold Hawk"" Legendary Welgun Weapon Blueprint",https://callofduty.fandom.com/wiki/Call_of_Duty:_Warzone,events,Call of Duty: Warzone | Call of Duty Wiki | Fandom,Vanguard[]
call_of_duty.golden_plunders_epic_weapon_sticker,call_of_duty,"""Golden Plunders"" Epic Weapon Sticker",https://callofduty.fandom.com/wiki/Call_of_Duty:_Warzone,events,Call of Duty: Warzone | Call of Duty Wiki | Fandom,Vanguard[]
call_of_duty.good_company_epic_357_weapon_blueprint,call_of_duty,"""Good Company"" Epic .357 Weapon Blueprint",https://callofduty.fandom.com/wiki/Call_of_Duty:_Warzone,events,Call of Duty: Warzone | Call of Duty Wiki | Fandom,Modern Warfare[]
call_of_duty.griffin_strike_epic_emblem,call_of_duty,"""Griffin Strike"" Epic Emblem",https://callofduty.fandom.com/wiki/Call_of_Duty:_Warzone,events,Call of Duty: Warzone | Call of Duty Wiki | Fandom,Vanguard[]
call_of_duty.gulag_epic_emblem,call_of_duty,"""Gulag"" Epic Emblem",https://callofduty.fandom.com/wiki/Call_of_Duty:_Warzone,events,Call of Duty: Warzone | Call of Duty Wiki | Fandom,Modern Warfare[]
call_of_duty.hardware_was_delivered_to_suite_320_entry_requires_an_access_code,call_of_duty,Hardware was delivered to Suite 320. Entry requires an access code...,https://callofduty.fandom.com/wiki/Call_of_Duty:_Warzone,events,Call of Duty: Warzone | Call of Duty Wiki | Fandom,Intel Missions[]
call_of_duty.hawk_epic_weapon_charm,call_of_duty,"""Hawk"" Epic Weapon Charm",https://callofduty.fandom.com/wiki/Call_of_Duty:_Warzone,events,Call of Duty: Warzone | Call of Duty Wiki | Fandom,Black Ops Cold War[]
call_of_duty.heavy_foliage_legendary_mg42_weapon_blueprint,call_of_duty,"""Heavy Foliage"" Legendary MG42 Weapon Blueprint",https://callofduty.fandom.com/wiki/Call_of_Duty:_Warzone,events,Call of Duty: Warzone | Call of Duty Wiki | Fandom,Vanguard[]
call_of_duty.hidden_cargo,call_of_duty,Hidden Cargo,https://callofduty.fandom.com/wiki/Call_of_Duty:_Warzone,events,Call of Duty: Warzone | Call of Duty Wiki | Fandom,Intel Missions[]
call_of_duty.homeland_or_death_legendary_calling_card,call_of_duty,"""Homeland or Death"" Legendary Calling Card",https://callofduty.fandom.com/wiki/Call_of_Duty:_Warzone,events,Call of Duty: Warzone | Call of Duty Wiki | Fandom,Black Ops Cold War[]
call_of_duty.hunting_the_enemy,call_of_duty,Hunting the Enemy,https://callofduty.fandom.com/wiki/Call_of_Duty:_Warzone,events,Call of Duty: Warzone | Call of Duty Wiki | Fandom,Intel Missions[]
call_of_duty.illuminated_epic_watch,call_of_duty,"""Illuminated"" Epic Watch",https://callofduty.fandom.com/wiki/Call_of_Duty:_Warzone,events,Call of Duty: Warzone | Call of Duty Wiki | Fandom,Black Ops Cold War[]
call_of_duty.in_the_dark_epic_vargas_operator_skin,call_of_duty,"""In The Dark"" Epic Vargas Operator Skin",https://callofduty.fandom.com/wiki/Call_of_Duty:_Warzone,events,Call of Duty: Warzone | Call of Duty Wiki | Fandom,Black Ops Cold War[]
call_of_duty.injury_time_epic_watch,call_of_duty,"""Injury Time"" Epic Watch",https://callofduty.fandom.com/wiki/Call_of_Duty:_Warzone,events,Call of Duty: Warzone | Call of Duty Wiki | Fandom,Modern Warfare[]
call_of_duty.intel_missions,call_of_duty,Intel Missions[],https://callofduty.fandom.com/wiki/Call_of_Duty:_Warzone,events,Call of Duty: Warzone | Call of Duty Wiki | Fandom,Intel Missions[]
call_of_duty.intel_was_leaked_from_verdansk_bank,call_of_duty,Intel was leaked from Verdansk Bank...,https://callofduty.fandom.com/wiki/Call_of_Duty:_Warzone,events,Call of Duty: Warzone | Call of Duty Wiki | Fandom,Intel Missions[]
call_of_duty.interference_is_coming_from_bunker_11,call_of_duty,Interference is coming from Bunker 11...,https://callofduty.fandom.com/wiki/Call_of_Duty:_Warzone,events,Call of Duty: Warzone | Call of Duty Wiki | Fandom,Intel Missions[]
call_of_duty.it_was_all_part_of_the_plan,call_of_duty,It was all part of the plan.,https://callofduty.fandom.com/wiki/Call_of_Duty:_Warzone,events,Call of Duty: Warzone | Call of Duty Wiki | Fandom,Intel Missions[]
call_of_duty.jailbird_epic_rodion_operator_skin,call_of_duty,"""Jailbird"" Epic Rodion Operator Skin",https://callofduty.fandom.com/wiki/Call_of_Duty:_Warzone,events,Call of Duty: Warzone | Call of Duty Wiki | Fandom,Modern Warfare[]
call_of_duty.jewel_encrusted_epic_watch,call_of_duty,"""Jewel Encrusted"" Epic Watch",https://callofduty.fandom.com/wiki/Call_of_Duty:_Warzone,events,Call of Duty: Warzone | Call of Duty Wiki | Fandom,Vanguard[]
call_of_duty.keeping_watch_epic_calling_card,call_of_duty,"""Keeping Watch"" Epic Calling Card",https://callofduty.fandom.com/wiki/Call_of_Duty:_Warzone,events,Call of Duty: Warzone | Call of Duty Wiki | Fandom,Vanguard[]
call_of_duty.killing_time_legendary_watch,call_of_duty,"""Killing Time"" Legendary Watch",https://callofduty.fandom.com/wiki/Call_of_Duty:_Warzone,events,Call of Duty: Warzone | Call of Duty Wiki | Fandom,Black Ops Cold War[]
call_of_duty.learn_about_the_office_of_requiem,call_of_duty,Learn about the Office of Requiem.,https://callofduty.fandom.com/wiki/Call_of_Duty:_Warzone,events,Call of Duty: Warzone | Call of Duty Wiki | Fandom,Intel Missions[]
call_of_duty.learn_the_status_of_the_19,call_of_duty,Learn the status of the 19,https://callofduty.fandom.com/wiki/Call_of_Duty:_Warzone,events,Call of Duty: Warzone | Call of Duty Wiki | Fandom,Intel Missions[]
call_of_duty.learn_the_truth_behind_the_attack,call_of_duty,Learn the truth behind the attack.,https://callofduty.fandom.com/wiki/Call_of_Duty:_Warzone,events,Call of Duty: Warzone | Call of Duty Wiki | Fandom,Intel Missions[]
call_of_duty.legendary_5_attachments,call_of_duty,Legendary (5 attachments),https://callofduty.fandom.com/wiki/Call_of_Duty:_Warzone,events,Call of Duty: Warzone | Call of Duty Wiki | Fandom,Weapon Tiers[]
call_of_duty.listening_device_epic_weapon_charm,call_of_duty,"""Listening Device"" Epic Weapon Charm",https://callofduty.fandom.com/wiki/Call_of_Duty:_Warzone,events,Call of Duty: Warzone | Call of Duty Wiki | Fandom,Black Ops Cold War[]
call_of_duty.lock_and_stock_epic_otter_operator_skin,call_of_duty,"""Lock and Stock"" Epic Otter Operator Skin",https://callofduty.fandom.com/wiki/Call_of_Duty:_Warzone,events,Call of Duty: Warzone | Call of Duty Wiki | Fandom,Modern Warfare[]
call_of_duty.logo,call_of_duty,Logo.,https://callofduty.fandom.com/wiki/Call_of_Duty:_Warzone,events,Call of Duty: Warzone | Call of Duty Wiki | Fandom,Call of Duty: Modern Warfare|Warzone[]
call_of_duty.logo_for_rebirth_island,call_of_duty,Logo for Rebirth Island.,https://callofduty.fandom.com/wiki/Call_of_Duty:_Warzone,events,Call of Duty: Warzone | Call of Duty Wiki | Fandom,Call of Duty: Black Ops Cold War|Warzone[]
call_of_duty.loot_dig_epic_calling_card,call_of_duty,"""Loot Dig"" Epic Calling Card",https://callofduty.fandom.com/wiki/Call_of_Duty:_Warzone,events,Call of Duty: Warzone | Call of Duty Wiki | Fandom,Vanguard[]
call_of_duty.map_for_the_bunker_11_quest,call_of_duty,Map for the Bunker 11 quest.,https://callofduty.fandom.com/wiki/Call_of_Duty:_Warzone,events,Call of Duty: Warzone | Call of Duty Wiki | Fandom,Bunkers[]
call_of_duty.mara_gave_a_debrief_after_the_port_attack,call_of_duty,Mara gave a debrief after the port attack.,https://callofduty.fandom.com/wiki/Call_of_Duty:_Warzone,events,Call of Duty: Warzone | Call of Duty Wiki | Fandom,Intel Missions[]
call_of_duty.mark_locations_for_the_assault_teams,call_of_duty,Mark locations for the assault teams.,https://callofduty.fandom.com/wiki/Call_of_Duty:_Warzone,events,Call of Duty: Warzone | Call of Duty Wiki | Fandom,Intel Missions[]
call_of_duty.mercier_mini_epic_weapon_charm,call_of_duty,"""Mercier Mini"" Epic Weapon Charm",https://callofduty.fandom.com/wiki/Call_of_Duty:_Warzone,events,Call of Duty: Warzone | Call of Duty Wiki | Fandom,Vanguard[]
call_of_duty.mermaid_scale_legendary_fs_fighting_knife_weapon_blueprint,call_of_duty,"""Mermaid Scale"" Legendary FS Fighting Knife Weapon Blueprint",https://callofduty.fandom.com/wiki/Call_of_Duty:_Warzone,events,Call of Duty: Warzone | Call of Duty Wiki | Fandom,Vanguard[]
call_of_duty.metro_alarms_may_have_been_tripped,call_of_duty,Metro alarms may have been tripped...,https://callofduty.fandom.com/wiki/Call_of_Duty:_Warzone,events,Call of Duty: Warzone | Call of Duty Wiki | Fandom,Intel Missions[]
call_of_duty.modern_warfare,call_of_duty,Modern Warfare[],https://callofduty.fandom.com/wiki/Call_of_Duty:_Warzone,events,Call of Duty: Warzone | Call of Duty Wiki | Fandom,Modern Warfare[]
call_of_duty.motorpool_epic_song_operator_skin,call_of_duty,"""Motorpool"" Epic Song Operator Skin",https://callofduty.fandom.com/wiki/Call_of_Duty:_Warzone,events,Call of Duty: Warzone | Call of Duty Wiki | Fandom,Black Ops Cold War[]
call_of_duty.mulled_wine_legendary_double_barrel_weapon_blueprint,call_of_duty,"""Mulled Wine"" Legendary Double Barrel Weapon Blueprint",https://callofduty.fandom.com/wiki/Call_of_Duty:_Warzone,events,Call of Duty: Warzone | Call of Duty Wiki | Fandom,Vanguard[]
call_of_duty.munitions_box,call_of_duty,Munitions Box,https://callofduty.fandom.com/wiki/Call_of_Duty:_Warzone,events,Call of Duty: Warzone | Call of Duty Wiki | Fandom,Buy Station[]
call_of_duty.nature_provides_epic_calling_card,call_of_duty,"""Nature Provides"" Epic Calling Card",https://callofduty.fandom.com/wiki/Call_of_Duty:_Warzone,events,Call of Duty: Warzone | Call of Duty Wiki | Fandom,Modern Warfare[]
call_of_duty.neptune_legendary_gracey_auto_weapon_blueprint,call_of_duty,"""Neptune"" Legendary Gracey Auto Weapon Blueprint",https://callofduty.fandom.com/wiki/Call_of_Duty:_Warzone,events,Call of Duty: Warzone | Call of Duty Wiki | Fandom,Vanguard[]
call_of_duty.new_perspectives,call_of_duty,New Perspectives,https://callofduty.fandom.com/wiki/Call_of_Duty:_Warzone,events,Call of Duty: Warzone | Call of Duty Wiki | Fandom,Intel Missions[]
call_of_duty.new_threats,call_of_duty,New Threats,https://callofduty.fandom.com/wiki/Call_of_Duty:_Warzone,events,Call of Duty: Warzone | Call of Duty Wiki | Fandom,Intel Missions[]
call_of_duty.night_watch_legendary_calling_card,call_of_duty,"""Night Watch"" Legendary Calling Card",https://callofduty.fandom.com/wiki/Call_of_Duty:_Warzone,events,Call of Duty: Warzone | Call of Duty Wiki | Fandom,Black Ops Cold War[]
call_of_duty.nikolai_received_the_message_can_he_get_it_price_in_time,call_of_duty,Nikolai received the message. Can he get it Price in time?,https://callofduty.fandom.com/wiki/Call_of_Duty:_Warzone,events,Call of Duty: Warzone | Call of Duty Wiki | Fandom,Intel Missions[]
call_of_duty.noir_rose_legendary_3,call_of_duty,"""Noir Rose"" Legendary 3",https://callofduty.fandom.com/wiki/Call_of_Duty:_Warzone,events,Call of Duty: Warzone | Call of Duty Wiki | Fandom,Vanguard[]
call_of_duty.nuclear_material_has_been_weaponized,call_of_duty,Nuclear material has been weaponized.,https://callofduty.fandom.com/wiki/Call_of_Duty:_Warzone,events,Call of Duty: Warzone | Call of Duty Wiki | Fandom,Intel Missions[]
call_of_duty.nuclear_warheads_in_bunker_11,call_of_duty,Nuclear warheads in Bunker 11.,https://callofduty.fandom.com/wiki/Call_of_Duty:_Warzone,events,Call of Duty: Warzone | Call of Duty Wiki | Fandom,Bunkers[]
call_of_duty.off_the_lawn_rare_spray,call_of_duty,"""Off The Lawn!"" Rare Spray",https://callofduty.fandom.com/wiki/Call_of_Duty:_Warzone,events,Call of Duty: Warzone | Call of Duty Wiki | Fandom,Modern Warfare[]
call_of_duty.old_bird_epic_weapon_charm,call_of_duty,"""Old Bird"" Epic Weapon Charm",https://callofduty.fandom.com/wiki/Call_of_Duty:_Warzone,events,Call of Duty: Warzone | Call of Duty Wiki | Fandom,Vanguard[]
call_of_duty.old_wounds,call_of_duty,Old Wounds,https://callofduty.fandom.com/wiki/Call_of_Duty:_Warzone,events,Call of Duty: Warzone | Call of Duty Wiki | Fandom,Intel Missions[]
call_of_duty.on_the_volley_epic_aug_weapon_blueprint,call_of_duty,"""On the Volley"" Epic AUG Weapon Blueprint",https://callofduty.fandom.com/wiki/Call_of_Duty:_Warzone,events,Call of Duty: Warzone | Call of Duty Wiki | Fandom,Modern Warfare[]
call_of_duty.open_season_legendary_kar98k_weapon_blueprint,call_of_duty,"""Open Season"" Legendary Kar98k Weapon Blueprint",https://callofduty.fandom.com/wiki/Call_of_Duty:_Warzone,events,Call of Duty: Warzone | Call of Duty Wiki | Fandom,Modern Warfare[]
call_of_duty.outside_influence,call_of_duty,Outside Influence,https://callofduty.fandom.com/wiki/Call_of_Duty:_Warzone,events,Call of Duty: Warzone | Call of Duty Wiki | Fandom,Intel Missions[]
call_of_duty.overlord_legendary_bar_weapon_blueprint,call_of_duty,"""Overlord"" Legendary BAR Weapon Blueprint",https://callofduty.fandom.com/wiki/Call_of_Duty:_Warzone,events,Call of Duty: Warzone | Call of Duty Wiki | Fandom,Vanguard[]
call_of_duty.overprepared_legendary_halima_operator_skin,call_of_duty,"""Overprepared"" Legendary Halima Operator Skin",https://callofduty.fandom.com/wiki/Call_of_Duty:_Warzone,events,Call of Duty: Warzone | Call of Duty Wiki | Fandom,Vanguard[]
call_of_duty.peace_breaker_epic_1911_weapon_blueprint,call_of_duty,"""Peace Breaker"" Epic 1911 Weapon Blueprint",https://callofduty.fandom.com/wiki/Call_of_Duty:_Warzone,events,Call of Duty: Warzone | Call of Duty Wiki | Fandom,Black Ops Cold War[]
call_of_duty.penumbra_epic_sims_operator_skin,call_of_duty,"""Penumbra"" Epic Sims Operator Skin",https://callofduty.fandom.com/wiki/Call_of_Duty:_Warzone,events,Call of Duty: Warzone | Call of Duty Wiki | Fandom,Black Ops Cold War[]
call_of_duty.player_loadouts_default_weapons_and_or_obtained_via_loadout_drops,call_of_duty,Player Loadouts (Default weapons and/or obtained via Loadout Drops),https://callofduty.fandom.com/wiki/Call_of_Duty:_Warzone,events,Call of Duty: Warzone | Call of Duty Wiki | Fandom,Weapon Tiers[]
call_of_duty.plunder_icon_vg_wz,call_of_duty,Plunder Icon VG WZ,https://callofduty.fandom.com/wiki/Call_of_Duty:_Warzone,events,Call of Duty: Warzone | Call of Duty Wiki | Fandom,Plunder[]
call_of_duty.power_is_being_re,call_of_duty,Power is being re,https://callofduty.fandom.com/wiki/Call_of_Duty:_Warzone,events,Call of Duty: Warzone | Call of Duty Wiki | Fandom,Intel Missions[]
call_of_duty.pre,call_of_duty,Pre,https://callofduty.fandom.com/wiki/Call_of_Duty:_Warzone,events,Call of Duty: Warzone | Call of Duty Wiki | Fandom,Verdansk[]
call_of_duty.precision_airstrike,call_of_duty,Precision Airstrike,https://callofduty.fandom.com/wiki/Call_of_Duty:_Warzone,events,Call of Duty: Warzone | Call of Duty Wiki | Fandom,Buy Station[]
call_of_duty.price_check_epic_weapon_charm,call_of_duty,"""Price Check"" Epic Weapon Charm",https://callofduty.fandom.com/wiki/Call_of_Duty:_Warzone,events,Call of Duty: Warzone | Call of Duty Wiki | Fandom,Modern Warfare[]
call_of_duty.rare_3_attachments,call_of_duty,Rare (3 attachments),https://callofduty.fandom.com/wiki/Call_of_Duty:_Warzone,events,Call of Duty: Warzone | Call of Duty Wiki | Fandom,Weapon Tiers[]
call_of_duty.ravine_wrench_epic_aug_weapon_blueprint,call_of_duty,"""Ravine Wrench"" Epic AUG Weapon Blueprint",https://callofduty.fandom.com/wiki/Call_of_Duty:_Warzone,events,Call of Duty: Warzone | Call of Duty Wiki | Fandom,Black Ops Cold War[]
call_of_duty.rebirth_island_after_season_five_of_vanguard,call_of_duty,Rebirth Island after Season Five of Vanguard.,https://callofduty.fandom.com/wiki/Call_of_Duty:_Warzone,events,Call of Duty: Warzone | Call of Duty Wiki | Fandom,Rebirth Island[]
call_of_duty.rebirth_island_after_season_three_reloaded_of_black_ops_cold_war,call_of_duty,Rebirth Island after Season Three Reloaded of Black Ops Cold War.,https://callofduty.fandom.com/wiki/Call_of_Duty:_Warzone,events,Call of Duty: Warzone | Call of Duty Wiki | Fandom,Rebirth Island[]
call_of_duty.rebirth_island_after_season_two_reloaded_of_vanguard,call_of_duty,Rebirth Island after Season Two Reloaded of Vanguard.,https://callofduty.fandom.com/wiki/Call_of_Duty:_Warzone,events,Call of Duty: Warzone | Call of Duty Wiki | Fandom,Rebirth Island[]
call_of_duty.rebirth_island_at_launch,call_of_duty,Rebirth Island at launch.,https://callofduty.fandom.com/wiki/Call_of_Duty:_Warzone,events,Call of Duty: Warzone | Call of Duty Wiki | Fandom,Rebirth Island[]
call_of_duty.rebirth_island_during_the_destruction_of_verdansk_event,call_of_duty,Rebirth Island during The Destruction of Verdansk event.,https://callofduty.fandom.com/wiki/Call_of_Duty:_Warzone,events,Call of Duty: Warzone | Call of Duty Wiki | Fandom,Rebirth Island[]
call_of_duty.rebirth_island_during_the_rebirth_of_the_dead_game_mode,call_of_duty,Rebirth Island during the Rebirth of the Dead game mode.,https://callofduty.fandom.com/wiki/Call_of_Duty:_Warzone,events,Call of Duty: Warzone | Call of Duty Wiki | Fandom,Rebirth Island[]
call_of_duty.remote_device_epic_weapon_sticker,call_of_duty,"""Remote Device"" Epic Weapon Sticker",https://callofduty.fandom.com/wiki/Call_of_Duty:_Warzone,events,Call of Duty: Warzone | Call of Duty Wiki | Fandom,Black Ops Cold War[]
call_of_duty.resurgence,call_of_duty,Resurgence,https://callofduty.fandom.com/wiki/Call_of_Duty:_Warzone,events,Call of Duty: Warzone | Call of Duty Wiki | Fandom,Buy Station[]
call_of_duty.resurgence_logo_wz,call_of_duty,Resurgence Logo WZ,https://callofduty.fandom.com/wiki/Call_of_Duty:_Warzone,events,Call of Duty: Warzone | Call of Duty Wiki | Fandom,Resurgence[]
call_of_duty.rustic_model_epic_emblem,call_of_duty,"""Rustic Model"" Epic Emblem",https://callofduty.fandom.com/wiki/Call_of_Duty:_Warzone,events,Call of Duty: Warzone | Call of Duty Wiki | Fandom,Vanguard[]
call_of_duty.sea_brine_epic_watch,call_of_duty,"""Sea Brine"" Epic Watch",https://callofduty.fandom.com/wiki/Call_of_Duty:_Warzone,events,Call of Duty: Warzone | Call of Duty Wiki | Fandom,Vanguard[]
call_of_duty.season_five,call_of_duty,Season Five,https://callofduty.fandom.com/wiki/Call_of_Duty:_Warzone,events,Call of Duty: Warzone | Call of Duty Wiki | Fandom,Modern Warfare[]
call_of_duty.season_five_reloaded,call_of_duty,Season Five Reloaded,https://callofduty.fandom.com/wiki/Call_of_Duty:_Warzone,events,Call of Duty: Warzone | Call of Duty Wiki | Fandom,Modern Warfare[]
call_of_duty.season_four,call_of_duty,Season Four,https://callofduty.fandom.com/wiki/Call_of_Duty:_Warzone,events,Call of Duty: Warzone | Call of Duty Wiki | Fandom,Black Ops Cold War[]
call_of_duty.season_one,call_of_duty,Season One,https://callofduty.fandom.com/wiki/Call_of_Duty:_Warzone,events,Call of Duty: Warzone | Call of Duty Wiki | Fandom,Black Ops Cold War[]
call_of_duty.season_six,call_of_duty,Season Six,https://callofduty.fandom.com/wiki/Call_of_Duty:_Warzone,events,Call of Duty: Warzone | Call of Duty Wiki | Fandom,Modern Warfare[]
call_of_duty.season_three,call_of_duty,Season Three,https://callofduty.fandom.com/wiki/Call_of_Duty:_Warzone,events,Call of Duty: Warzone | Call of Duty Wiki | Fandom,Modern Warfare[]
call_of_duty.season_two,call_of_duty,Season Two,https://callofduty.fandom.com/wiki/Call_of_Duty:_Warzone,events,Call of Duty: Warzone | Call of Duty Wiki | Fandom,Modern Warfare[]
call_of_duty.secret_trails,call_of_duty,Secret Trails,https://callofduty.fandom.com/wiki/Call_of_Duty:_Warzone,events,Call of Duty: Warzone | Call of Duty Wiki | Fandom,Intel Missions[]
call_of_duty.secrets_locked_in_a_vault,call_of_duty,Secrets locked in a vault...,https://callofduty.fandom.com/wiki/Call_of_Duty:_Warzone,events,Call of Duty: Warzone | Call of Duty Wiki | Fandom,Intel Missions[]
call_of_duty.self_revive_kit,call_of_duty,Self Revive Kit,https://callofduty.fandom.com/wiki/Call_of_Duty:_Warzone,events,Call of Duty: Warzone | Call of Duty Wiki | Fandom,Buy Station[]
call_of_duty.serpentine_epic_watch,call_of_duty,"""Serpentine"" Epic Watch",https://callofduty.fandom.com/wiki/Call_of_Duty:_Warzone,events,Call of Duty: Warzone | Call of Duty Wiki | Fandom,Vanguard[]
call_of_duty.shipments_arrived_via_the_verdansk_port,call_of_duty,Shipments arrived via the Verdansk port...,https://callofduty.fandom.com/wiki/Call_of_Duty:_Warzone,events,Call of Duty: Warzone | Call of Duty Wiki | Fandom,Intel Missions[]
call_of_duty.shipments_were_tracked_to_the_quarry,call_of_duty,Shipments were tracked to the quarry...,https://callofduty.fandom.com/wiki/Call_of_Duty:_Warzone,events,Call of Duty: Warzone | Call of Duty Wiki | Fandom,Intel Missions[]
call_of_duty.shivvie_epic_combat_knife_weapon_blueprint,call_of_duty,"""Shivvie"" Epic Combat Knife Weapon Blueprint",https://callofduty.fandom.com/wiki/Call_of_Duty:_Warzone,events,Call of Duty: Warzone | Call of Duty Wiki | Fandom,Modern Warfare[]
call_of_duty.shop_smart_epic_calling_card,call_of_duty,"""Shop Smart"" Epic Calling Card",https://callofduty.fandom.com/wiki/Call_of_Duty:_Warzone,events,Call of Duty: Warzone | Call of Duty Wiki | Fandom,Modern Warfare[]
call_of_duty.showstopper_epic_model_680_weapon_blueprint,call_of_duty,"""Showstopper"" Epic Model 680 Weapon Blueprint",https://callofduty.fandom.com/wiki/Call_of_Duty:_Warzone,events,Call of Duty: Warzone | Call of Duty Wiki | Fandom,Modern Warfare[]
call_of_duty.shredded_epic_weapon_charm,call_of_duty,"""Shredded"" Epic Weapon Charm",https://callofduty.fandom.com/wiki/Call_of_Duty:_Warzone,events,Call of Duty: Warzone | Call of Duty Wiki | Fandom,Modern Warfare[]
call_of_duty.shuriken_epic_weapon_charm,call_of_duty,"""Shuriken"" Epic Weapon Charm",https://callofduty.fandom.com/wiki/Call_of_Duty:_Warzone,events,Call of Duty: Warzone | Call of Duty Wiki | Fandom,Black Ops Cold War[]
call_of_duty.sight_unseen_legendary_emblem,call_of_duty,"""Sight Unseen"" Legendary Emblem",https://callofduty.fandom.com/wiki/Call_of_Duty:_Warzone,events,Call of Duty: Warzone | Call of Duty Wiki | Fandom,Vanguard[]
call_of_duty.sigint_was_relayed_from_airport_military_wing,call_of_duty,SIGINT was relayed from Airport military wing...,https://callofduty.fandom.com/wiki/Call_of_Duty:_Warzone,events,Call of Duty: Warzone | Call of Duty Wiki | Fandom,Intel Missions[]
call_of_duty.signal_interference_prevents_locating_the_missing_operator,call_of_duty,Signal interference prevents locating the missing operator.,https://callofduty.fandom.com/wiki/Call_of_Duty:_Warzone,events,Call of Duty: Warzone | Call of Duty Wiki | Fandom,Intel Missions[]
call_of_duty.signals_intelligence_decrypted_a_message_after_the_attack,call_of_duty,Signals Intelligence decrypted a message after the attack.,https://callofduty.fandom.com/wiki/Call_of_Duty:_Warzone,events,Call of Duty: Warzone | Call of Duty Wiki | Fandom,Intel Missions[]
call_of_duty.silent_cloak_legendary_bullfrog_weapon_blueprint,call_of_duty,"""Silent Cloak"" Legendary Bullfrog Weapon Blueprint",https://callofduty.fandom.com/wiki/Call_of_Duty:_Warzone,events,Call of Duty: Warzone | Call of Duty Wiki | Fandom,Black Ops Cold War[]
call_of_duty.sins_of_the_father,call_of_duty,Sins of the Father,https://callofduty.fandom.com/wiki/Call_of_Duty:_Warzone,events,Call of Duty: Warzone | Call of Duty Wiki | Fandom,Intel Missions[]
call_of_duty.skilltrack_56_legendary_watch,call_of_duty,"""Skilltrack 56"" Legendary Watch",https://callofduty.fandom.com/wiki/Call_of_Duty:_Warzone,events,Call of Duty: Warzone | Call of Duty Wiki | Fandom,Modern Warfare[]
call_of_duty.sky_blue_jalopy_epic_weapon_charm,call_of_duty,"""Sky Blue Jalopy"" Epic Weapon Charm",https://callofduty.fandom.com/wiki/Call_of_Duty:_Warzone,events,Call of Duty: Warzone | Call of Duty Wiki | Fandom,Vanguard[]
call_of_duty.sky_legend_legendary_watch,call_of_duty,"""Sky Legend"" Legendary Watch",https://callofduty.fandom.com/wiki/Call_of_Duty:_Warzone,events,Call of Duty: Warzone | Call of Duty Wiki | Fandom,Vanguard[]
call_of_duty.skyhook_epic_park_operator_skin,call_of_duty,"""Skyhook"" Epic Park Operator Skin",https://callofduty.fandom.com/wiki/Call_of_Duty:_Warzone,events,Call of Duty: Warzone | Call of Duty Wiki | Fandom,Black Ops Cold War[]
call_of_duty.slipshod_legendary_1911_weapon_blueprint,call_of_duty,"""Slipshod"" Legendary 1911 Weapon Blueprint",https://callofduty.fandom.com/wiki/Call_of_Duty:_Warzone,events,Call of Duty: Warzone | Call of Duty Wiki | Fandom,Modern Warfare[]
call_of_duty.sniper_park_legendary_calling_card,call_of_duty,"""Sniper Park"" Legendary Calling Card",https://callofduty.fandom.com/wiki/Call_of_Duty:_Warzone,events,Call of Duty: Warzone | Call of Duty Wiki | Fandom,Black Ops Cold War[]
call_of_duty.someone_was_paid_off_to_keep_an_area_clear,call_of_duty,Someone was paid off to keep an area clear.,https://callofduty.fandom.com/wiki/Call_of_Duty:_Warzone,events,Call of Duty: Warzone | Call of Duty Wiki | Fandom,Intel Missions[]
call_of_duty.something_was_stashed_in_the_denied_area,call_of_duty,Something was stashed in the denied area...,https://callofduty.fandom.com/wiki/Call_of_Duty:_Warzone,events,Call of Duty: Warzone | Call of Duty Wiki | Fandom,Intel Missions[]
call_of_duty.sovereignty_epic_emblem,call_of_duty,"""Sovereignty"" Epic Emblem",https://callofduty.fandom.com/wiki/Call_of_Duty:_Warzone,events,Call of Duty: Warzone | Call of Duty Wiki | Fandom,Black Ops Cold War[]
call_of_duty.sparks_pride_epic_emblem,call_of_duty,"""Sparks Pride"" Epic Emblem",https://callofduty.fandom.com/wiki/Call_of_Duty:_Warzone,events,Call of Duty: Warzone | Call of Duty Wiki | Fandom,Modern Warfare[]
call_of_duty.stunning_strike_epic_calling_card,call_of_duty,"""Stunning Strike"" Epic Calling Card",https://callofduty.fandom.com/wiki/Call_of_Duty:_Warzone,events,Call of Duty: Warzone | Call of Duty Wiki | Fandom,Modern Warfare[]
call_of_duty.supply_box_uav,call_of_duty,Supply Box UAV,https://callofduty.fandom.com/wiki/Call_of_Duty:_Warzone,events,Call of Duty: Warzone | Call of Duty Wiki | Fandom,Buy Station[]
call_of_duty.surprise_inside_epic_weapon_sticker,call_of_duty,"""Surprise Inside"" Epic Weapon Sticker",https://callofduty.fandom.com/wiki/Call_of_Duty:_Warzone,events,Call of Duty: Warzone | Call of Duty Wiki | Fandom,Modern Warfare[]
call_of_duty.survival_tactics_epic_emblem,call_of_duty,"""Survival Tactics"" Epic Emblem",https://callofduty.fandom.com/wiki/Call_of_Duty:_Warzone,events,Call of Duty: Warzone | Call of Duty Wiki | Fandom,Vanguard[]
call_of_duty.tent_pole_epic_sledgehammer_weapon_blueprint,call_of_duty,"""Tent Pole"" Epic Sledgehammer Weapon Blueprint",https://callofduty.fandom.com/wiki/Call_of_Duty:_Warzone,events,Call of Duty: Warzone | Call of Duty Wiki | Fandom,Black Ops Cold War[]
call_of_duty.the_cargo_was_headed_to_a_whp_site,call_of_duty,The cargo was headed to a WHP site.,https://callofduty.fandom.com/wiki/Call_of_Duty:_Warzone,events,Call of Duty: Warzone | Call of Duty Wiki | Fandom,Intel Missions[]
call_of_duty.the_cash_drop_event_spawns_several_cash_drop_crates_on_the_map_similarly_to_a_regular_match_of_plunder,call_of_duty,"The Cash Drop event spawns several Cash Drop crates on the map, similarly to a regular match of Plunder.",https://callofduty.fandom.com/wiki/Call_of_Duty:_Warzone,events,Call of Duty: Warzone | Call of Duty Wiki | Fandom,Events[]
call_of_duty.the_down_uav_was_being_repaired,call_of_duty,The down UAV was being repaired.,https://callofduty.fandom.com/wiki/Call_of_Duty:_Warzone,events,Call of Duty: Warzone | Call of Duty Wiki | Fandom,Intel Missions[]
call_of_duty.the_enemy_wants_to_catch_a_train,call_of_duty,The enemy wants to catch a train...,https://callofduty.fandom.com/wiki/Call_of_Duty:_Warzone,events,Call of Duty: Warzone | Call of Duty Wiki | Fandom,Intel Missions[]
call_of_duty.the_footballer_epic_zane_operator_skin,call_of_duty,"""The Footballer"" Epic Zane Operator Skin",https://callofduty.fandom.com/wiki/Call_of_Duty:_Warzone,events,Call of Duty: Warzone | Call of Duty Wiki | Fandom,Modern Warfare[]
call_of_duty.the_heavy_weapons_crate_event_spawns_several_supply_crates_filled_with_high,call_of_duty,The Heavy Weapons Crate event spawns several supply crates filled with high,https://callofduty.fandom.com/wiki/Call_of_Duty:_Warzone,events,Call of Duty: Warzone | Call of Duty Wiki | Fandom,Events[]
call_of_duty.the_jailbreak_event_allows_every_down_player_in_gulag_to_be_redeployed_into_the_map_other_players_are_notified_1_minute_before_the_jailbreak_happens,call_of_duty,The Jailbreak event allows every down player in Gulag to be redeployed into the map. Other players are notified 1 minute before the jailbreak happens.,https://callofduty.fandom.com/wiki/Call_of_Duty:_Warzone,events,Call of Duty: Warzone | Call of Duty Wiki | Fandom,Events[]
call_of_duty.the_lost_team,call_of_duty,The Lost Team,https://callofduty.fandom.com/wiki/Call_of_Duty:_Warzone,events,Call of Duty: Warzone | Call of Duty Wiki | Fandom,Intel Missions[]
call_of_duty.the_meeting_room_with_the_countdown_in_bunker_11,call_of_duty,The meeting room with the countdown in Bunker 11.,https://callofduty.fandom.com/wiki/Call_of_Duty:_Warzone,events,Call of Duty: Warzone | Call of Duty Wiki | Fandom,Bunkers[]
call_of_duty.the_prisoner_left_a_message,call_of_duty,The prisoner left a message...,https://callofduty.fandom.com/wiki/Call_of_Duty:_Warzone,events,Call of Duty: Warzone | Call of Duty Wiki | Fandom,Intel Missions[]
call_of_duty.the_restock_event_resupplies_every_supply_box_which_can_be_opened_again,call_of_duty,The Restock event resupplies every Supply Box which can be opened again.,https://callofduty.fandom.com/wiki/Call_of_Duty:_Warzone,events,Call of Duty: Warzone | Call of Duty Wiki | Fandom,Events[]
call_of_duty.the_resurgence_event_allows_player_to_respawn_after_being_killed_as_long_as_one_of_their_teammates_are_alive,call_of_duty,The Resurgence event allows player to respawn after being killed as long as one of their teammates are alive.,https://callofduty.fandom.com/wiki/Call_of_Duty:_Warzone,events,Call of Duty: Warzone | Call of Duty Wiki | Fandom,Events[]
call_of_duty.the_shipment_was_tracked_to_the_stadium,call_of_duty,The shipment was tracked to the Stadium...,https://callofduty.fandom.com/wiki/Call_of_Duty:_Warzone,events,Call of Duty: Warzone | Call of Duty Wiki | Fandom,Intel Missions[]
call_of_duty.the_sparks_epic_weapon_charm,call_of_duty,"""The Sparks"" Epic Weapon Charm",https://callofduty.fandom.com/wiki/Call_of_Duty:_Warzone,events,Call of Duty: Warzone | Call of Duty Wiki | Fandom,Modern Warfare[]
call_of_duty.the_team_was_on_their_way_to_a_bunker,call_of_duty,The team was on their way to a bunker...,https://callofduty.fandom.com/wiki/Call_of_Duty:_Warzone,events,Call of Duty: Warzone | Call of Duty Wiki | Fandom,Intel Missions[]
call_of_duty.the_titan_frenzy_event_was_a_limited_time_event_added_for_operation_monarch_it_made_kong_and_godzilla_become_enraged_and_to_attack_any_nearby_players_if_the_player_or_team_deals_the_most_damage_to_a_titan_they_will_receive_a_s_c_r_e_a_m_device,call_of_duty,"The Titan Frenzy event was a limited time event added for Operation Monarch . It made Kong and Godzilla become enraged and to attack any nearby players. If the player or team deals the most damage to a titan, they will receive a S.C.R.E.A.M. Device .",https://callofduty.fandom.com/wiki/Call_of_Duty:_Warzone,events,Call of Duty: Warzone | Call of Duty Wiki | Fandom,Events[]
call_of_duty.the_uav_was_being_controlled_from_the_airport,call_of_duty,The UAV was being controlled from the airport.,https://callofduty.fandom.com/wiki/Call_of_Duty:_Warzone,events,Call of Duty: Warzone | Call of Duty Wiki | Fandom,Intel Missions[]
call_of_duty.the_war_room,call_of_duty,The War Room,https://callofduty.fandom.com/wiki/Call_of_Duty:_Warzone,events,Call of Duty: Warzone | Call of Duty Wiki | Fandom,Intel Missions[]
call_of_duty.the_woodsman_epic_wyatt_operator_skin,call_of_duty,"""The Woodsman"" Epic Wyatt Operator Skin",https://callofduty.fandom.com/wiki/Call_of_Duty:_Warzone,events,Call of Duty: Warzone | Call of Duty Wiki | Fandom,Modern Warfare[]
call_of_duty.there_was_a_broadcast_from_the_parking_structure,call_of_duty,There was a broadcast from the parking structure...,https://callofduty.fandom.com/wiki/Call_of_Duty:_Warzone,events,Call of Duty: Warzone | Call of Duty Wiki | Fandom,Intel Missions[]
call_of_duty.there_was_an_inspection_scheduled_at_the_port,call_of_duty,There was an inspection scheduled at the port.,https://callofduty.fandom.com/wiki/Call_of_Duty:_Warzone,events,Call of Duty: Warzone | Call of Duty Wiki | Fandom,Intel Missions[]
call_of_duty.there_were_survivors_of_the_helicopter_crash,call_of_duty,There were survivors of the helicopter crash...,https://callofduty.fandom.com/wiki/Call_of_Duty:_Warzone,events,Call of Duty: Warzone | Call of Duty Wiki | Fandom,Intel Missions[]
call_of_duty.tiger_claw_epic_m16_weapon_blueprint,call_of_duty,"""Tiger Claw"" Epic M16 Weapon Blueprint",https://callofduty.fandom.com/wiki/Call_of_Duty:_Warzone,events,Call of Duty: Warzone | Call of Duty Wiki | Fandom,Black Ops Cold War[]
call_of_duty.tighten_the_noose,call_of_duty,Tighten the Noose,https://callofduty.fandom.com/wiki/Call_of_Duty:_Warzone,events,Call of Duty: Warzone | Call of Duty Wiki | Fandom,Intel Missions[]
call_of_duty.tooled_up_epic_lucas_operator_skin,call_of_duty,"""Tooled Up"" Epic Lucas Operator Skin",https://callofduty.fandom.com/wiki/Call_of_Duty:_Warzone,events,Call of Duty: Warzone | Call of Duty Wiki | Fandom,Vanguard[]
call_of_duty.toothpick_epic_combat_knife_weapon_blueprint,call_of_duty,"""Toothpick"" Epic Combat Knife Weapon Blueprint",https://callofduty.fandom.com/wiki/Call_of_Duty:_Warzone,events,Call of Duty: Warzone | Call of Duty Wiki | Fandom,Modern Warfare[]
call_of_duty.track_star_epic_yegor_operator_skin,call_of_duty,"""Track Star"" Epic Yegor Operator Skin",https://callofduty.fandom.com/wiki/Call_of_Duty:_Warzone,events,Call of Duty: Warzone | Call of Duty Wiki | Fandom,Modern Warfare[]
call_of_duty.ultra_unobtainable_from_ground_loot,call_of_duty,Ultra (Unobtainable from ground loot),https://callofduty.fandom.com/wiki/Call_of_Duty:_Warzone,events,Call of Duty: Warzone | Call of Duty Wiki | Fandom,Weapon Tiers[]
call_of_duty.uncommon_1_attachment,call_of_duty,Uncommon (1 attachment),https://callofduty.fandom.com/wiki/Call_of_Duty:_Warzone,events,Call of Duty: Warzone | Call of Duty Wiki | Fandom,Weapon Tiers[]
call_of_duty.using_at_least_3_uavs_at_a_time_grants_an_effect_similar_to_the_advanced_uav,call_of_duty,Using at least 3 UAVs at a time grants an effect similar to the Advanced UAV .,https://callofduty.fandom.com/wiki/Call_of_Duty:_Warzone,events,Call of Duty: Warzone | Call of Duty Wiki | Fandom,Buy Station[]
call_of_duty.vanguard,call_of_duty,Vanguard[],https://callofduty.fandom.com/wiki/Call_of_Duty:_Warzone,events,Call of Duty: Warzone | Call of Duty Wiki | Fandom,Vanguard[]
call_of_duty.verdansk_84_at_the_start_of_season_three_of_black_ops_cold_war,call_of_duty,Verdansk '84 at the start of Season Three of Black Ops Cold War.,https://callofduty.fandom.com/wiki/Call_of_Duty:_Warzone,events,Call of Duty: Warzone | Call of Duty Wiki | Fandom,Verdansk[]
call_of_duty.verdansk_84_during_season_five_of_black_ops_cold_war,call_of_duty,Verdansk '84 during Season Five of Black Ops Cold War.,https://callofduty.fandom.com/wiki/Call_of_Duty:_Warzone,events,Call of Duty: Warzone | Call of Duty Wiki | Fandom,Verdansk[]
call_of_duty.verdansk_84_during_season_four_of_black_ops_cold_war,call_of_duty,Verdansk '84 during Season Four of Black Ops Cold War.,https://callofduty.fandom.com/wiki/Call_of_Duty:_Warzone,events,Call of Duty: Warzone | Call of Duty Wiki | Fandom,Verdansk[]
call_of_duty.verdansk_84_during_season_six_of_black_ops_cold_war,call_of_duty,Verdansk '84 during Season Six of Black Ops Cold War.,https://callofduty.fandom.com/wiki/Call_of_Duty:_Warzone,events,Call of Duty: Warzone | Call of Duty Wiki | Fandom,Verdansk[]
call_of_duty.verdansk_84_during_the_80s_action_heroes_event,call_of_duty,Verdansk '84 during the 80s Action Heroes event.,https://callofduty.fandom.com/wiki/Call_of_Duty:_Warzone,events,Call of Duty: Warzone | Call of Duty Wiki | Fandom,Verdansk[]
call_of_duty.verdansk_at_launch,call_of_duty,Verdansk at launch.,https://callofduty.fandom.com/wiki/Call_of_Duty:_Warzone,events,Call of Duty: Warzone | Call of Duty Wiki | Fandom,Verdansk[]
call_of_duty.verdansk_atc_reported_a_transponder_went_offline,call_of_duty,Verdansk ATC reported a transponder went offline...,https://callofduty.fandom.com/wiki/Call_of_Duty:_Warzone,events,Call of Duty: Warzone | Call of Duty Wiki | Fandom,Intel Missions[]
call_of_duty.verdansk_during_season_five_of_modern_warfare,call_of_duty,Verdansk during Season Five of Modern Warfare.,https://callofduty.fandom.com/wiki/Call_of_Duty:_Warzone,events,Call of Duty: Warzone | Call of Duty Wiki | Fandom,Verdansk[]
call_of_duty.verdansk_during_season_four_of_modern_warfare,call_of_duty,Verdansk during Season Four of Modern Warfare.,https://callofduty.fandom.com/wiki/Call_of_Duty:_Warzone,events,Call of Duty: Warzone | Call of Duty Wiki | Fandom,Verdansk[]
call_of_duty.verdansk_during_season_one_of_black_ops_cold_war,call_of_duty,Verdansk during Season One of Black Ops Cold War.,https://callofduty.fandom.com/wiki/Call_of_Duty:_Warzone,events,Call of Duty: Warzone | Call of Duty Wiki | Fandom,Verdansk[]
call_of_duty.verdansk_during_season_two_of_black_ops_cold_war,call_of_duty,Verdansk during Season Two of Black Ops Cold War.,https://callofduty.fandom.com/wiki/Call_of_Duty:_Warzone,events,Call of Duty: Warzone | Call of Duty Wiki | Fandom,Verdansk[]
call_of_duty.verdnask_during_season_six_of_modern_warfare,call_of_duty,Verdnask during Season Six of Modern Warfare.,https://callofduty.fandom.com/wiki/Call_of_Duty:_Warzone,events,Call of Duty: Warzone | Call of Duty Wiki | Fandom,Verdansk[]
call_of_duty.videos,call_of_duty,Videos[],https://callofduty.fandom.com/wiki/Call_of_Duty:_Warzone,events,Call of Duty: Warzone | Call of Duty Wiki | Fandom,Videos[]
call_of_duty.warzone_pacific_logo,call_of_duty,Warzone Pacific logo.,https://callofduty.fandom.com/wiki/Call_of_Duty:_Warzone,events,Call of Duty: Warzone | Call of Duty Wiki | Fandom,Call of Duty: Vanguard|Warzone Pacific[]
call_of_duty.watery_grave_epic_emblem,call_of_duty,"""Watery Grave"" Epic Emblem",https://callofduty.fandom.com/wiki/Call_of_Duty:_Warzone,events,Call of Duty: Warzone | Call of Duty Wiki | Fandom,Vanguard[]
call_of_duty.wisdom_seeker_legendary_watch,call_of_duty,"""Wisdom Seeker"" Legendary Watch",https://callofduty.fandom.com/wiki/Call_of_Duty:_Warzone,events,Call of Duty: Warzone | Call of Duty Wiki | Fandom,Vanguard[]
call_of_duty.working_hours_epic_watch,call_of_duty,"""Working Hours"" Epic Watch",https://callofduty.fandom.com/wiki/Call_of_Duty:_Warzone,events,Call of Duty: Warzone | Call of Duty Wiki | Fandom,Black Ops Cold War[]
call_of_duty.yellow_belly_legendary_m19_weapon_blueprint,call_of_duty,"""Yellow Belly"" Legendary M19 Weapon Blueprint",https://callofduty.fandom.com/wiki/Call_of_Duty:_Warzone,events,Call of Duty: Warzone | Call of Duty Wiki | Fandom,Modern Warfare[]
call_of_duty.z_and_perseus_wanted_more_power,call_of_duty,Z and Perseus wanted more power...,https://callofduty.fandom.com/wiki/Call_of_Duty:_Warzone,events,Call of Duty: Warzone | Call of Duty Wiki | Fandom,Intel Missions[]
call_of_duty.z_hijacked_the_uav_signal_to_ignite_a_conflict,call_of_duty,Z hijacked the UAV signal to ignite a conflict.,https://callofduty.fandom.com/wiki/Call_of_Duty:_Warzone,events,Call of Duty: Warzone | Call of Duty Wiki | Fandom,Intel Missions[]
call_of_duty.zakhaev_has_his_target,call_of_duty,Zakhaev has his target.,https://callofduty.fandom.com/wiki/Call_of_Duty:_Warzone,events,Call of Duty: Warzone | Call of Duty Wiki | Fandom,Intel Missions[]
call_of_duty.zakhaev_was_using_an_office_in_the_prison,call_of_duty,Zakhaev was using an office in the prison...,https://callofduty.fandom.com/wiki/Call_of_Duty:_Warzone,events,Call of Duty: Warzone | Call of Duty Wiki | Fandom,Intel Missions[]
